onetsoc_code,4.C.2.a.1.a,4.C.2.a.1.c,4.C.1.b.1.e,4.C.1.b.1.f
11-1011.00,0.955,0.28,0.84,0.8325
11-1021.00,0.8475,0.4825,0.905,0.8725
11-2011.00,0.905,0.365,0.8675,0.7975
11-2021.00,0.8825,0.095,0.9175,0.8125
11-2022.00,0.8625,0.2125,0.9125,0.9275
11-2033.00,0.96,0.1325,0.9475,0.875
11-3012.00,0.815,0.1975,0.8925,0.78
11-3013.00,0.8725,0.415,0.8525,0.7825
11-3013.01,0.92,0.5,0.8475,0.65
11-3021.00,0.7,0.0425,0.9375,0.505
11-3031.00,0.9275,0.0975,0.9425,0.585
11-3031.01,0.86,0.01,0.86,0.51
11-3031.03,0.91,0.0375,0.7475,0.5625
11-3051.00,0.6225,0.33,0.88,0.47
11-3051.01,0.93,0.225,0.95,0.6425
11-3061.00,0.855,0.185,0.8825,0.79
11-3071.00,0.7875,0.4425,0.86,0.68
11-3071.04,0.8125,0.275,0.9,0.6775
11-3111.00,0.845,0.0125,0.7975,0.525
11-3121.00,0.7625,0.1375,0.875,0.625
11-3131.00,0.8475,0.0625,0.9825,0.3025
11-9013.00,0.6225,0.945,0.8625,0.57
11-9021.00,0.675,0.7125,0.9,0.725
11-9031.00,0.7575,0.325,0.885,0.6925
11-9032.00,0.7575,0.3525,0.975,0.785
11-9033.00,0.8875,0.16,0.865,0.66
11-9041.00,0.88,0.19,0.97,0.8025
11-9051.00,0.9325,0.2575,0.99,0.8775
11-9071.00,0.945,0.11,0.9425,0.9175
11-9072.00,0.9,0.5175,0.945,0.9525
11-9081.00,0.7775,0.1125,0.95,0.8725
11-9111.00,0.9825,0,0.965,0.7675
11-9121.00,0.97,0.1275,0.92,0.635
11-9121.01,0.82,0.01,0.855,0.59
11-9131.00,0.915,0.46,0.915,0.885
11-9141.00,0.725,0.5125,0.7875,0.775
11-9151.00,0.8975,0.17,0.9275,0.7775
11-9161.00,0.8075,0.465,0.8525,0.785
11-9171.00,0.8475,0.67,0.9475,0.93
11-9179.01,0.88,0.26,0.89,0.7125
11-9179.02,0.855,0.0175,0.9575,0.905
11-9199.01,0.805,0.0125,0.9125,0.325
11-9199.08,0.925,0.3225,0.85,0.75
13-1011.00,0.6725,0.045,0.7925,0.4775
13-1021.00,0.7875,0.3,0.9075,0.7925
13-1022.00,1,0.0875,0.8175,0.7075
13-1023.00,0.9475,0.1975,0.83,0.7875
13-1031.00,0.8275,0.1675,0.7175,0.8575
13-1032.00,0.7,0.7825,0.6925,0.98
13-1041.00,0.685,0.63,0.85,0.9375
13-1041.04,0.81,0.7125,0.84,0.86
13-1041.06,0.9,0.7625,0.8125,0.9625
13-1041.07,0.8675,0.0125,0.8625,0.375
13-1041.08,0.7875,0.1,0.8,0.7125
13-1051.00,0.825,0.13,0.785,0.4425
13-1071.00,0.9675,0.115,0.93,0.6775
13-1074.00,0.4475,0.7925,0.67,0.3975
13-1075.00,0.79,0.105,0.7625,0.475
13-1081.00,0.77,0.28,0.895,0.74
13-1081.01,0.9025,0.3925,0.825,0.63
13-1081.02,0.92,0.1925,0.83,0.6025
13-1111.00,0.815,0.1875,0.8375,0.655
13-1121.00,0.8525,0.33,0.9525,0.925
13-1131.00,0.6775,0.19,0.85,0.9175
13-1141.00,0.8575,0.06,0.785,0.5125
13-1151.00,0.7925,0.12,0.8175,0.5325
13-1161.00,0.76,0.1075,0.75,0.6425
13-1161.01,0.815,0.01,0.6625,0.2725
13-1199.04,0.75,0.08,0.84,0.445
13-1199.06,0.9575,0.1375,0.745,0.79
13-1199.07,0.7625,0.4075,0.7625,0.7375
13-2011.00,0.9075,0.0675,0.8025,0.6925
13-2022.00,0.63,0.3475,0.4875,0.6475
13-2023.00,0.6625,0.7725,0.4025,0.5425
13-2031.00,0.665,0.0375,0.92,0.77
13-2041.00,1,0.04,0.5975,0.35
13-2052.00,0.91,0.02,0.5625,0.7125
13-2053.00,0.8925,0.05,0.7,0.6425
13-2061.00,0.87,0,0.925,0.555
13-2071.00,0.8325,0.09,0.69,0.645
13-2072.00,1,0.23,0.8825,0.8875
13-2081.00,0.97,0.03,0.8075,0.8825
13-2082.00,0.6,0.0125,0.465,0.6675
13-2099.01,0.805,0,0.7775,0.3125
13-2099.04,0.76,0.24,0.84,0.72
15-1211.00,0.9425,0.0325,0.8375,0.46
15-1211.01,0.9175,0.0475,0.9625,0.595
15-1212.00,0.955,0.13,0.795,0.4675
15-1221.00,0.945,0.015,0.86,0.665
15-1231.00,0.9575,0.1275,0.9025,0.6275
15-1232.00,0.965,0.1575,0.7675,0.2525
15-1241.00,0.93,0.15,0.7375,0.475
15-1241.01,0.7375,0.345,0.8575,0.6775
15-1242.00,0.9425,0.03,0.895,0.2825
15-1243.00,0.7875,0.025,0.7975,0.345
15-1243.01,0.9575,0,0.825,0.2275
15-1244.00,0.99,0.1075,0.8,0.2
15-1251.00,0.815,0.0475,0.8025,0.32
15-1252.00,0.55,0.0025,0.89,0.2325
15-1253.00,0.78,0.03,0.855,0.28
15-1254.00,0.845,0.01,0.75,0.365
15-1255.01,0.9375,0.0375,0.9375,0.2625
15-1299.01,0.875,0.0625,0.8,0.4375
15-1299.02,0.9525,0.25,0.8225,0.5325
15-1299.03,0.68,0.0525,0.805,0.4725
15-1299.05,0.9475,0.0525,0.83,0.5
15-1299.08,0.9175,0.155,0.75,0.535
15-1299.09,0.85,0.1125,0.9375,0.6425
15-2011.00,1,0,0.7975,0.3575
15-2021.00,0.6625,0.025,0.5975,0.25
15-2031.00,0.965,0.095,0.8325,0.345
15-2041.00,0.8375,0.025,0.855,0.31
15-2041.01,0.7925,0.0225,0.845,0.4375
15-2051.01,0.81,0.0125,0.785,0.25
15-2051.02,0.825,0.0125,0.8375,0.45
15-2099.01,0.8225,0.0375,0.8325,0.4625
17-1011.00,0.825,0.4125,0.895,0.655
17-1012.00,0.925,0.475,0.855,0.6625
17-1021.00,0.99,0.255,0.8575,0.81
17-1022.00,0.685,0.8625,0.825,0.675
17-1022.01,0.75,0.69,0.74,0.5925
17-2011.00,0.9475,0.14,0.8675,0.6075
17-2021.00,0.875,0.625,0.7875,0.5625
17-2031.00,0.8925,0.0875,0.8475,0.4575
17-2041.00,0.945,0.4675,0.8375,0.3575
17-2051.00,0.85,0.4525,0.845,0.6425
17-2051.01,0.8625,0.465,0.875,0.7375
17-2061.00,0.8575,0.0925,0.84,0.405
17-2071.00,0.925,0.3025,0.825,0.525
17-2072.00,0.855,0.035,0.8125,0.2925
17-2072.01,0.875,0.13,0.8625,0.6775
17-2081.00,0.825,0.55,0.85,0.75
17-2111.00,0.7525,0.555,0.81,0.605
17-2111.02,0.8075,0.365,0.78,0.6925
17-2112.00,0.8725,0.19,0.9,0.7175
17-2112.01,0.875,0.315,0.7775,0.6
17-2112.02,0.875,0.15,0.8625,0.5875
17-2112.03,0.845,0.22,0.8175,0.3375
17-2121.00,0.7225,0.605,0.6775,0.57
17-2131.00,0.88,0.1675,0.8575,0.5125
17-2141.00,0.8925,0.24,0.85,0.54
17-2141.01,0.955,0.1125,0.8875,0.3875
17-2141.02,0.85,0.3225,0.9125,0.535
17-2151.00,0.8,0.4675,0.805,0.4075
17-2161.00,0.8125,0.275,0.7225,0.3575
17-2171.00,0.82,0.3025,0.9725,0.5525
17-2199.03,0.87,0.33,0.8075,0.6375
17-2199.05,0.9325,0.09,0.8425,0.505
17-2199.06,0.92,0.2825,0.8675,0.575
17-2199.07,0.99,0.0975,0.9025,0.445
17-2199.08,0.8525,0.25,0.8575,0.5
17-2199.09,0.9525,0.035,0.8325,0.535
17-3011.00,0.9175,0.34,0.8625,0.52
17-3012.00,0.8975,0.2775,0.8375,0.495
17-3013.00,1,0.0325,0.7225,0.42
17-3021.00,0.9775,0.18,0.87,0.6725
17-3022.00,0.88,0.63,0.8625,0.7525
17-3023.00,0.895,0.3625,0.81,0.485
17-3024.00,0.8525,0.3375,0.825,0.4325
17-3024.01,0.785,0.41,0.785,0.455
17-3025.00,0.68,0.6825,0.7375,0.6425
17-3026.00,0.9025,0.185,0.8775,0.445
17-3026.01,0.9375,0.025,0.825,0.5125
17-3027.00,0.82,0.2975,0.755,0.535
17-3027.01,0.9425,0.445,0.825,0.4625
17-3029.01,0.7275,0.725,0.715,0.7375
17-3029.08,0.91,0.285,0.7625,0.375
17-3031.00,0.7125,0.5775,0.705,0.4925
19-1011.00,0.74,0.565,0.7925,0.6425
19-1012.00,0.965,0.1775,0.8325,0.535
19-1013.00,0.81,0.725,0.7625,0.595
19-1021.00,0.9175,0.0125,0.8025,0.2
19-1022.00,0.955,0.205,0.775,0.4875
19-1023.00,0.825,0.5975,0.835,0.7225
19-1029.01,0.885,0.0725,0.9275,0.3475
19-1029.02,0.9225,0.0675,0.77,0.2875
19-1029.03,0.93,0.11,0.76,0.22
19-1029.04,0.695,0.4975,0.8725,0.6025
19-1031.00,0.6825,0.7175,0.7275,0.7175
19-1031.02,0.86,0.745,0.9,0.8625
19-1031.03,0.8275,0.705,0.8275,0.91
19-1032.00,0.6425,0.7625,0.6725,0.725
19-1041.00,0.935,0.1575,0.875,0.605
19-1042.00,0.9525,0.035,0.9525,0.36
19-2011.00,0.7825,0.175,0.75,0.26
19-2012.00,0.6825,0.0275,0.7825,0.29
19-2021.00,0.8425,0.3,0.7375,0.625
19-2031.00,0.95,0.0325,0.74,0.495
19-2032.00,0.9275,0.1775,0.7625,0.5125
19-2041.00,0.6425,0.38,0.8375,0.795
19-2042.00,0.735,0.5075,0.75,0.4775
19-2043.00,0.75,0.5225,0.805,0.51
19-2099.01,0.885,0.315,0.8125,0.46
19-3011.00,0.8125,0.02,0.695,0.4475
19-3022.00,0.9425,0.135,0.865,0.75
19-3032.00,0.845,0.05,0.875,0.5575
19-3033.00,0.865,0.0825,0.52,0.61
19-3034.00,0.9925,0.095,0.8925,0.6625
19-3039.02,0.96,0.01,0.55,0.61
19-3039.03,1,0,0.6625,0.8025
19-3041.00,0.7225,0.0525,0.605,0.4125
19-3051.00,0.865,0.31,0.86,0.82
19-3091.00,0.685,0.355,0.61,0.5375
19-3092.00,0.8875,0.3,0.6875,0.525
19-3093.00,0.8725,0.25,0.85,0.8
19-3094.00,0.92,0.04,0.52,0.405
19-3099.01,0.8625,0.2375,0.875,0.7
19-4012.00,0.57,0.83,0.7075,0.465
19-4012.01,0.5875,0.7175,0.785,0.7725
19-4013.00,0.9775,0.0725,0.895,0.1975
19-4021.00,0.8375,0.115,0.735,0.2275
19-4031.00,0.9775,0.225,0.8925,0.41
19-4042.00,0.785,0.6475,0.705,0.705
19-4043.00,0.8475,0.375,0.75,0.4325
19-4051.00,0.8675,0.73,0.9575,0.185
19-4051.02,0.885,0.5775,0.9025,0.44
19-4061.00,0.795,0.055,0.7875,0.415
19-4071.00,0.75,0.8525,0.9675,0.7075
19-4092.00,0.93,0.7325,0.7775,0.8325
19-4099.01,0.9225,0.2725,0.68,0.29
19-4099.03,0.96,0.165,0.785,0.39
19-5011.00,0.825,0.5875,0.7925,0.5325
19-5012.00,0.6625,0.625,0.8375,0.655
21-1011.00,0.9975,0.0625,0.92,0.775
21-1012.00,0.915,0.08,0.9625,0.7725
21-1013.00,0.8925,0.045,0.6375,0.67
21-1014.00,0.885,0.035,0.5275,0.705
21-1015.00,0.9325,0.245,0.8425,0.81
21-1021.00,0.8,0.4575,0.9425,0.8175
21-1022.00,0.9525,0.1825,0.9325,0.76
21-1023.00,0.905,0.26,0.8725,0.7325
21-1091.00,0.7325,0.165,0.815,0.7275
21-1092.00,0.85,0.6225,0.8175,0.9125
21-1093.00,0.805,0.3225,0.9025,0.875
21-1094.00,0.7125,0.2575,0.8,0.72
21-2011.00,0.8475,0.2475,0.8075,0.69
21-2021.00,0.96,0.105,0.755,0.565
23-1011.00,0.715,0.055,0.645,0.715
23-1012.00,0.9775,0,0.7075,0.595
23-1021.00,0.9925,0.0025,0.635,0.945
23-1022.00,0.5125,0.05,0.2875,0.315
23-1023.00,1,0.0775,0.9375,0.92
23-2011.00,0.97,0.0725,0.8125,0.555
23-2093.00,0.955,0.1125,0.8225,0.795
25-1011.00,0.8875,0.055,0.63,0.445
25-1021.00,0.8575,0.0325,0.835,0.6025
25-1022.00,0.925,0.005,0.6775,0.56
25-1031.00,0.8725,0.2425,0.7475,0.4825
25-1032.00,0.8875,0.08,0.6675,0.3675
25-1041.00,0.9325,0.3725,0.8375,0.495
25-1042.00,0.9825,0.215,0.81,0.635
25-1043.00,0.81,0.55,0.8925,0.755
25-1051.00,0.94,0.2675,0.715,0.555
25-1052.00,0.89,0.0225,0.765,0.3925
25-1053.00,0.93,0.2875,0.78,0.5025
25-1054.00,0.8625,0.085,0.59,0.68
25-1061.00,0.725,0.3525,0.7625,0.5675
25-1062.00,0.8725,0.0675,0.7975,0.54
25-1063.00,0.8025,0.02,0.58,0.6025
25-1064.00,0.91,0.2275,0.7275,0.485
25-1065.00,0.9325,0.0225,0.6575,0.635
25-1066.00,0.9575,0.0025,0.7175,0.565
25-1067.00,0.9375,0.0375,0.63,0.4475
25-1071.00,0.91,0.0775,0.8625,0.665
25-1072.00,0.8075,0.0575,0.9225,0.8775
25-1081.00,0.945,0.015,0.87,0.755
25-1082.00,0.92,0.0325,0.825,0.555
25-1111.00,0.9825,0.1325,0.615,0.7975
25-1112.00,0.855,0.0375,0.5425,0.505
25-1113.00,0.6025,0.145,0.8275,0.72
25-1121.00,0.91,0.08,0.79,0.5425
25-1122.00,0.8925,0.0425,0.655,0.4675
25-1123.00,0.8975,0.0025,0.6575,0.5725
25-1124.00,0.935,0,0.6625,0.22
25-1125.00,0.92,0.0025,0.5075,0.41
25-1126.00,0.9025,0,0.605,0.365
25-1192.00,0.73,0.0475,0.785,0.6575
25-1193.00,0.8475,0.2725,0.8525,0.6525
25-1194.00,0.8475,0.095,0.715,0.695
25-2011.00,0.835,0.5275,0.8425,0.5625
25-2012.00,0.805,0.3725,0.8925,0.835
25-2021.00,0.855,0.38,0.9925,0.8825
25-2022.00,0.87,0.3625,0.905,0.4575
25-2023.00,0.83,0.2125,0.81,0.7075
25-2031.00,0.89,0.28,0.81,0.585
25-2032.00,0.6725,0.3075,0.7,0.515
25-2051.00,0.8425,0.4575,0.915,0.4775
25-2056.00,0.845,0.1275,0.85,0.505
25-2057.00,0.825,0.29,0.9125,0.4875
25-2058.00,0.7725,0.2125,0.9725,0.5925
25-2059.01,0.715,0.5375,0.8575,0.5825
25-3011.00,0.74,0.0475,0.6875,0.555
25-3021.00,0.8575,0.18,0.705,0.56
25-3031.00,0.5575,0.28,0.79,0.2925
25-3041.00,0.905,0.025,0.6425,0.69
25-4011.00,0.9725,0.0625,0.75,0.79
25-4012.00,0.8675,0.2575,0.825,0.7725
25-4013.00,0.7925,0.23,0.785,0.6225
25-4022.00,0.8225,0.1,0.8275,0.74
25-4031.00,0.9725,0.125,0.77,0.675
25-9021.00,0.7025,0.605,0.8325,0.925
25-9031.00,0.9975,0.2025,0.955,0.65
25-9042.00,0.935,0.4525,0.91,0.5375
25-9043.00,0.8425,0.52,0.83,0.4125
25-9044.00,0.7375,0.025,0.7925,0.4325
27-1011.00,0.8975,0.055,0.945,0.4275
27-1012.00,0.7075,0.12,0.2275,0.5675
27-1013.00,0.82,0.2175,0.4,0.4175
27-1014.00,0.8725,0.1525,0.8725,0.655
27-1021.00,0.985,0.115,0.9275,0.7525
27-1022.00,0.7075,0.14,0.625,0.5425
27-1023.00,0.7825,0.57,0.8525,0.95
27-1024.00,0.83,0.0925,0.86,0.5125
27-1025.00,0.8575,0.1975,0.865,0.75
27-1026.00,0.885,0.1775,0.79,0.735
27-1027.00,0.725,0.25,0.9175,0.44
27-2011.00,0.89,0.19,1,0.6625
27-2012.00,0.84,0.1675,0.97,0.6525
27-2012.03,0.8175,0.17,0.7975,0.695
27-2012.04,0.8625,0.1325,0.805,0.74
27-2012.05,0.9525,0.3925,0.94,0.5875
27-2021.00,0.5475,0.8,0.8675,0.5825
27-2022.00,0.825,0.565,0.86,0.49
27-2023.00,0.285,0.6125,0.75,0.475
27-2031.00,0.9425,0.18,0.87,0.5075
27-2032.00,0.87,0.19,0.88,0.5125
27-2041.00,0.8425,0.125,0.8,0.73
27-2042.00,0.7475,0.0925,0.895,0.44
27-3011.00,0.9225,0.49,0.88,0.8
27-3023.00,0.8575,0.415,0.72,0.6775
27-3031.00,0.83,0.215,0.875,0.6925
27-3041.00,0.975,0.1575,0.895,0.6775
27-3042.00,0.7925,0.0375,0.895,0.5475
27-3043.00,0.435,0.295,0.7,0.7175
27-3043.05,0.475,0.06,0.215,0.2275
27-3091.00,0.7775,0.23,0.9275,0.475
27-3092.00,0.955,0,0.8675,0.82
27-4011.00,0.955,0.1075,0.9025,0.695
27-4012.00,0.9875,0.3575,0.8825,0.5025
27-4014.00,0.935,0.24,0.75,0.37
27-4021.00,0.705,0.5675,0.59,0.83
27-4031.00,0.795,0.525,0.8975,0.635
27-4032.00,0.995,0.2675,0.875,0.5
29-1011.00,0.985,0.0225,0.7425,0.65
29-1021.00,0.9375,0.0175,0.9675,0.87
29-1022.00,0.9375,0,0.9375,0.86
29-1023.00,0.925,0.005,0.9975,0.9125
29-1024.00,0.915,0,0.925,0.745
29-1031.00,0.9,0.0425,0.7175,0.675
29-1041.00,1,0,0.83,0.8575
29-1051.00,1,0.0075,0.995,0.92
29-1071.00,0.9175,0.0625,0.9225,0.83
29-1071.01,0.955,0.0325,0.8925,0.7425
29-1081.00,0.6925,0.025,0.855,0.715
29-1122.00,0.92,0.215,0.84,0.66
29-1122.01,0.63,0.74,0.675,0.6625
29-1123.00,0.97,0.085,0.885,0.9075
29-1124.00,0.8925,0.0125,0.8475,0.595
29-1125.00,0.8675,0.46,0.9125,0.7375
29-1126.00,0.9475,0.0125,0.8875,0.81
29-1127.00,0.7975,0.0925,0.9725,0.7
29-1128.00,0.9875,0.25,0.8625,0.7625
29-1129.01,0.935,0.145,0.8125,0.5475
29-1129.02,0.875,0.0875,0.8175,0.615
29-1131.00,0.98,0.1375,0.955,0.9125
29-1141.00,0.89,0.0125,0.975,0.88
29-1141.01,0.87,0.0475,0.9625,0.6775
29-1141.02,0.8575,0.08,0.7275,0.575
29-1141.03,0.9725,0.01,0.9375,0.875
29-1141.04,0.94,0.0475,0.9125,0.7025
29-1151.00,1,0.0475,0.9625,0.76
29-1161.00,0.93,0.015,0.8975,0.87
29-1171.00,0.8575,0.075,0.9375,0.815
29-1181.00,0.9,0,0.8125,0.91
29-1211.00,0.9775,0.0025,0.9125,0.675
29-1213.00,0.8125,0,0.875,0.9475
29-1214.00,1,0.05,0.9575,0.9325
29-1215.00,0.9825,0,0.995,0.9
29-1216.00,0.9925,0,0.74,0.7675
29-1217.00,0.8275,0.02,0.8925,0.81
29-1218.00,1,0,0.96,0.86
29-1221.00,0.83,0,0.98,0.6875
29-1222.00,0.895,0.0025,0.835,0.3375
29-1223.00,0.9975,0.01,0.9525,0.7
29-1224.00,0.88,0,0.8625,0.87
29-1229.01,0.9525,0.0375,0.955,0.79
29-1229.02,0.97,0.04,0.94,0.78
29-1229.03,0.815,0,0.885,0.84
29-1229.04,0.9375,0,0.9575,0.895
29-1229.05,0.8975,0.205,0.9175,0.7375
29-1229.06,0.985,0.3425,0.7925,0.7525
29-1241.00,0.98,,0.81,0.925
29-1291.00,0.8925,0.0175,0.445,0.7075
29-1292.00,1,0,0.7425,0.7225
29-1299.01,0.82,0.02,0.57,0.81
29-1299.02,0.96,0,0.9075,0.8025
29-2011.00,0.9475,0,0.8625,0.65
29-2011.01,1,0.0125,0.7375,0.275
29-2011.02,0.955,0,0.63,0.3525
29-2011.04,1,0,0.725,0.345
29-2012.00,0.975,0.01,0.8025,0.45
29-2012.01,0.92,0.0425,0.77,0.29
29-2031.00,0.895,0,0.91,0.8075
29-2032.00,0.9275,0.0125,0.8575,0.8075
29-2033.00,0.84,0.005,0.8425,0.9125
29-2034.00,0.875,0.0125,0.9125,0.8875
29-2035.00,0.935,0.065,0.7175,0.62
29-2036.00,0.9375,0,0.775,0.3625
29-2051.00,0.9325,0.0425,0.93,0.775
29-2052.00,0.9825,0.0125,0.8625,0.6875
29-2053.00,0.74,0.38,0.855,0.24
29-2055.00,0.9025,0.0025,0.955,0.7625
29-2056.00,0.85,0.2575,0.8925,0.715
29-2057.00,0.955,0,0.955,0.8875
29-2061.00,0.785,0.04,0.9225,0.655
29-2081.00,0.7925,0.03,0.7075,0.9475
29-2091.00,0.8575,0.0725,0.775,0.715
29-2092.00,0.9225,0,0.745,0.975
29-2099.01,1,0,0.88,0.83
29-2099.05,1,0.0125,0.875,0.7625
29-2099.08,0.8275,0.0625,0.94,0.98
29-9091.00,0.895,0.795,0.95,0.735
29-9092.00,0.825,0,0.7275,0.7925
29-9093.00,0.9775,0.0025,0.925,0.7475
29-9099.01,0.86,0.0375,0.8975,0.8125
31-1121.00,0.5425,0.0675,0.8025,0.5825
31-1122.00,0.5475,0.1025,0.7375,0.655
31-1131.00,0.7425,0.21,0.915,0.6675
31-1132.00,0.9075,0.2625,0.8775,0.5975
31-1133.00,0.6925,0.4475,0.88,0.5475
31-2011.00,0.8725,0.0725,0.9,0.4925
31-2012.00,0.985,0.2675,0.8875,0.5125
31-2021.00,0.985,0.02,0.905,0.7725
31-2022.00,0.7775,0.0025,0.9225,0.66
31-9011.00,0.9225,0.05,0.375,0.7875
31-9091.00,0.74,0,0.9,0.705
31-9092.00,0.91,0,0.865,0.75
31-9093.00,1,0,0.8325,0.76
31-9094.00,0.995,0.0575,0.89,0.685
31-9095.00,0.98,0.0975,0.915,0.8825
31-9096.00,0.9825,0.415,0.825,0.6825
31-9097.00,0.7725,0.0675,0.8975,0.8175
31-9099.01,0.505,0.015,0.755,0.6
31-9099.02,0.9475,0,0.905,0.615
33-1011.00,0.94,0.6475,0.915,0.595
33-1012.00,0.7575,0.83,0.8375,0.9475
33-1021.00,0.7,0.885,0.935,0.8975
33-1091.00,0.6175,0.665,0.965,0.9425
33-2011.00,0.6,0.8675,0.9275,0.88
33-2021.00,0.78,0.8325,0.7975,0.92
33-2022.00,0.6225,0.9075,0.965,0.84
33-3011.00,0.81,0.2775,0.855,0.85
33-3012.00,0.8725,0.4675,0.8925,0.7925
33-3021.00,0.9025,0.775,0.8775,0.965
33-3021.02,0.8425,0.635,0.7325,0.6125
33-3021.06,0.9675,0.13,0.8975,0.5425
33-3031.00,0.5025,0.9675,0.765,0.96
33-3041.00,0.23,0.995,0.7775,0.8625
33-3051.00,0.5025,0.89,0.895,0.9625
33-3051.04,0.9325,0.7475,0.895,0.95
33-3052.00,0.415,0.9325,0.775,0.9275
33-9011.00,0.74,0.98,0.75,0.9425
33-9021.00,0.7175,0.43,0.5775,0.7975
33-9031.00,0.9875,0.1625,0.865,0.58
33-9032.00,0.84,0.575,0.8025,0.9775
33-9091.00,0.11,0.9975,0.5825,0.865
33-9092.00,0.7225,0.6725,0.8975,0.735
33-9093.00,0.925,0.2225,0.895,0.805
33-9099.02,0.8875,0.125,0.94,0.8125
35-1011.00,0.9475,0.24,0.865,0.6975
35-1012.00,0.92,0.0525,0.8575,0.775
35-2011.00,0.4925,0.0125,0.7175,0.635
35-2012.00,0.905,0.0225,0.8675,0.5525
35-2013.00,0.75,0.1825,0.355,0.49
35-2014.00,0.9275,0.2675,0.77,0.4175
35-2015.00,0.8625,0.21,0.73,0.355
35-2021.00,0.92,0.175,0.7225,0.3175
35-3011.00,0.7375,0.0475,0.66,0.8125
35-3023.00,0.78,0.34,0.9275,0.8575
35-3023.01,0.7325,0.0575,0.7775,0.835
35-3031.00,0.825,0.3275,0.865,0.615
35-3041.00,0.63,0.095,0.84,0.665
35-9011.00,0.7,0.0775,0.905,0.735
35-9021.00,0.91,0.2325,0.6925,0.325
35-9031.00,0.9175,0.12,0.915,0.7325
37-1011.00,0.8975,0.345,0.905,0.52
37-1012.00,0.465,0.9875,0.9125,0.775
37-2011.00,0.8075,0.42,0.5375,0.305
37-2012.00,0.8225,0.0775,0.7275,0.5725
37-2021.00,0.5525,0.9175,0.5425,0.75
37-3011.00,0.145,0.995,0.745,0.315
37-3012.00,0.285,0.94,0.65,0.7475
37-3013.00,0.02,0.9775,0.8075,0.6075
39-1013.00,0.96,0.0625,0.9325,0.975
39-1022.00,0.93,0.445,0.9575,0.75
39-2011.00,0.49,0.7975,0.655,0.725
39-2021.00,0.9425,0.7575,0.89,0.655
39-3011.00,0.9075,0,0.8475,0.8525
39-3012.00,0.9275,0,0.86,0.785
39-3021.00,0.9325,0.2025,0.615,0.4675
39-3031.00,0.945,0.1575,0.7375,0.885
39-3091.00,0.41,0.695,0.795,0.9625
39-3092.00,0.945,0.115,0.9575,0.4375
39-3093.00,0.925,0.1625,0.7375,0.855
39-4011.00,0.965,0.675,0.785,0.905
39-4021.00,0.7,0.5575,0.805,0.75
39-4031.00,0.89,0.6225,0.8125,0.89
39-5011.00,0.665,0,0.5575,0.5925
39-5012.00,0.8525,0,0.7275,0.87
39-5091.00,0.8225,0.6675,0.8925,0.5125
39-5092.00,0.7925,0,0.6175,0.35
39-5093.00,0.9875,0.08,0.8625,0.7575
39-5094.00,0.9975,0.0025,0.725,0.895
39-6011.00,0.9325,0.945,0.82,0.8375
39-6012.00,0.91,0.1425,0.75,0.8175
39-7011.00,0.6075,0.44,0.8025,0.8425
39-7012.00,0.6725,0.55,0.845,0.835
39-9011.00,0.8,0.38,0.865,0.5975
39-9011.01,0.66,0.66,0.56,0.24
39-9031.00,1,0.3225,0.63,0.845
39-9032.00,0.83,0.295,0.8725,0.635
39-9041.00,0.7025,0.465,0.8325,0.6075
41-1011.00,0.92,0.2625,0.94,0.8875
41-1012.00,0.9125,0.4675,0.915,0.8075
41-2011.00,0.73,0.3025,0.755,0.68
41-2012.00,0.7625,0.09,0.6675,0.82
41-2021.00,0.91,0.4575,0.88,0.8575
41-2022.00,0.81,0.575,0.97,0.96
41-2031.00,0.79,0.395,0.8375,0.9
41-3011.00,0.5925,0.435,0.835,0.9525
41-3021.00,0.765,0.3375,0.6675,0.9925
41-3031.00,0.79,0.0475,0.7775,0.82
41-3041.00,0.5325,0.015,0.6075,0.8575
41-4011.00,0.6875,0.305,0.815,0.7025
41-4012.00,0.9075,0.435,0.9775,0.9775
41-9011.00,0.7775,0.08,0.7125,0.86
41-9012.00,0.9425,0.095,0.58,0.29
41-9021.00,0.9375,0.7175,0.815,0.865
41-9022.00,0.7375,0.58,0.6575,0.715
41-9031.00,0.9125,0.045,0.7975,0.8925
41-9041.00,0.8775,0.07,0.57,0.8625
41-9091.00,0.4575,0.155,0.5125,0.925
43-1011.00,0.7075,0.0525,0.8825,0.75
43-2011.00,0.8325,0.075,0.8375,0.8475
43-2021.00,0.8175,0,0.9175,0.92
43-3011.00,0.9575,0.0425,0.625,0.7425
43-3021.00,0.775,0.0675,0.7575,0.5825
43-3031.00,0.9525,0.1,0.73,0.6525
43-3041.00,0.9825,0.0725,0.82,0.9
43-3051.00,0.8575,0.03,0.875,0.3225
43-3061.00,0.7,0.0825,0.815,0.6
43-3071.00,0.9225,0.055,0.8825,0.765
43-4011.00,0.885,0,0.8375,0.86
43-4021.00,0.825,0.0125,0.845,0.705
43-4031.00,0.8025,0.0475,0.8,0.8525
43-4041.00,0.78,0.0375,0.9075,0.915
43-4051.00,0.9575,0.0725,0.7575,0.9475
43-4061.00,0.74,0.095,0.8125,0.82
43-4071.00,0.755,0.0475,0.7775,0.7225
43-4081.00,0.8425,0.105,0.95,0.93
43-4111.00,0.8075,0.07,0.98,0.84
43-4121.00,0.86,0.1125,0.8375,0.71
43-4131.00,0.9775,0.0125,0.7775,0.9325
43-4141.00,0.79,0.115,0.775,0.8675
43-4151.00,0.995,0.1625,0.7525,0.7525
43-4161.00,0.6875,0.015,0.9075,0.7475
43-4171.00,0.835,0.005,0.7825,0.83
43-4181.00,0.9375,0.485,0.86,0.905
43-5011.00,0.62,0.2825,0.7125,0.5925
43-5011.01,0.985,0.0975,0.7925,0.875
43-5021.00,0.7325,0.6625,0.7775,0.5925
43-5031.00,1,0.0075,0.955,0.9975
43-5032.00,0.68,0.28,0.9225,0.715
43-5041.00,0.155,1,0.7275,0.765
43-5051.00,0.86,0.2,0.765,0.8575
43-5052.00,0.775,0.9775,0.4675,0.7625
43-5053.00,0.9975,0.0925,0.76,0.1025
43-5061.00,0.8125,0.225,0.93,0.615
43-5071.00,0.4025,0.2925,0.815,0.7975
43-5111.00,0.655,0.1625,0.7775,0.56
43-6011.00,0.84,0.0375,0.9,0.715
43-6012.00,0.7,0.005,0.6775,0.64
43-6013.00,0.76,0,0.85,0.65
43-6014.00,0.7525,0.09,0.8975,0.745
43-9021.00,0.775,0,0.7625,0.335
43-9022.00,0.7775,0.015,0.7625,0.865
43-9031.00,0.94,0.12,0.725,0.52
43-9041.00,0.855,0.01,0.7625,0.645
43-9051.00,0.9925,0.04,0.835,0.66
43-9061.00,0.915,0.04,0.865,0.8225
43-9071.00,0.7325,0.1825,0.695,0.6675
43-9081.00,0.935,0.0525,0.8825,0.4
43-9111.00,0.8475,0.055,0.7725,0.5
45-1011.00,0.5975,0.8725,0.7825,0.5575
45-2011.00,0.7325,0.73,0.74,0.8225
45-2021.00,0.17,0.8125,0.4425,0.47
45-2041.00,0.83,0.1625,0.6975,0.1875
45-2091.00,0.28,0.825,0.6975,0.22
45-2092.00,0.2975,0.8625,0.6075,0.3475
45-2093.00,0.1225,0.78,0.6625,0.5175
45-3031.00,0.125,0.9725,0.5625,0.5475
45-4011.00,0.505,0.925,0.8325,0.7275
45-4021.00,0.025,0.985,0.595,0.21
45-4022.00,0.2175,0.8075,0.84,0.3725
45-4023.00,0.2975,0.99,0.625,0.5725
47-1011.00,0.435,0.8575,0.9225,0.685
47-2011.00,0.8225,0.5675,0.8575,0.695
47-2021.00,0.17,0.9925,0.8175,0.435
47-2022.00,0.18,0.94,0.9625,0.7775
47-2031.00,0.51,0.7275,0.87,0.4925
47-2041.00,0.82,0.265,0.7,0.5875
47-2042.00,0.71,0.19,0.6525,0.58
47-2043.00,0.8075,0.2125,0.665,0.53
47-2044.00,0.585,0.4525,0.6875,0.39
47-2051.00,0.14,0.9525,0.83,0.4225
47-2053.00,0.52,0.2425,0.8275,0.285
47-2061.00,0.2,0.9075,0.79,0.3025
47-2071.00,0.225,0.825,0.675,0.5175
47-2072.00,0.11,0.995,0.9,0.36
47-2073.00,0.05,1,0.76,0.6225
47-2081.00,0.3775,0.5325,0.725,0.4875
47-2082.00,0.3575,0.2275,0.6975,0.3075
47-2111.00,0.5675,0.7825,0.885,0.71
47-2121.00,0.4825,0.86,0.845,0.4825
47-2131.00,0.24,0.7225,0.73,0.4775
47-2132.00,0.4425,0.5725,0.795,0.5775
47-2141.00,0.5025,0.4675,0.7825,0.7325
47-2142.00,0.38,0.4375,0.5875,0.37
47-2151.00,0.115,0.975,0.8975,0.5375
47-2152.00,0.5275,0.7225,0.7625,0.51
47-2161.00,0.145,0.8375,0.8325,0.275
47-2171.00,0.195,0.9,0.795,0.405
47-2181.00,0.145,0.995,0.79,0.5925
47-2211.00,0.555,0.3775,0.6775,0.49
47-2221.00,0.175,0.95,0.85,0.5075
47-2231.00,0.4925,0.9225,0.945,0.585
47-3011.00,0.1875,0.83,0.8175,0.57
47-3012.00,0.475,0.79,0.7675,0.385
47-3013.00,0.5725,0.7375,0.855,0.485
47-3014.00,0.2525,0.74,0.8775,0.375
47-3015.00,0.4975,0.87,0.73,0.5975
47-3016.00,0.1625,0.875,0.785,0.5025
47-4011.00,0.73,0.87,0.75,0.84
47-4021.00,0.8525,0.565,0.7025,0.85
47-4031.00,0.515,0.94,0.7575,0.665
47-4041.00,0.6075,0.645,0.7725,0.5925
47-4051.00,0.2675,0.985,0.91,0.6825
47-4061.00,0.0975,0.9875,0.835,0.3975
47-4071.00,0.215,0.9875,0.865,0.86
47-4091.00,0.5775,0.8375,0.8475,0.9325
47-5011.00,0.01,0.9975,0.885,0.5
47-5012.00,0.0175,0.9925,0.965,0.565
47-5013.00,0.1925,1,0.895,0.5075
47-5022.00,0.195,0.775,0.8675,0.3025
47-5023.00,0.2025,0.84,0.565,0.4025
47-5032.00,0.17,0.98,0.8225,0.49
47-5041.00,0.08,0.2325,0.9025,0.055
47-5043.00,0.015,0.32,0.9025,0.0225
47-5044.00,0.1075,0.28,0.8625,0.1625
47-5051.00,0.0675,0.9425,0.6975,0.2925
47-5071.00,0.3,0.995,0.86,0.465
47-5081.00,0.4525,0.9175,0.865,0.4425
49-1011.00,0.5875,0.565,0.8375,0.595
49-2011.00,0.86,0.3125,0.6375,0.8
49-2021.00,0.625,0.64,0.8225,0.665
49-2022.00,0.52,0.835,0.7025,0.8075
49-2091.00,0.775,0.42,0.7625,0.49
49-2092.00,0.535,0.405,0.7575,0.54
49-2093.00,0.6975,0.7525,0.625,0.275
49-2094.00,0.9225,0.3125,0.815,0.4125
49-2095.00,0.7175,0.83,0.9025,0.38
49-2096.00,0.5325,0.315,0.81,0.605
49-2097.00,0.6225,0.695,0.7325,0.8675
49-2098.00,0.715,0.6075,0.7625,0.825
49-3011.00,0.48,0.755,0.7825,0.5425
49-3021.00,0.3625,0.255,0.5275,0.33
49-3022.00,0.4675,0.9375,0.65,0.6975
49-3023.00,0.37,0.4975,0.6625,0.6625
49-3031.00,0.4425,0.8225,0.71,0.4775
49-3041.00,0.46,0.67,0.745,0.63
49-3042.00,0.18,0.8725,0.825,0.6
49-3043.00,0.1675,0.815,0.755,0.46
49-3051.00,0.28,0.92,0.6875,0.7075
49-3052.00,0.6775,0.63,0.8425,0.6575
49-3053.00,0.4325,0.645,0.48,0.6425
49-3091.00,0.9975,0.17,0.565,0.955
49-3092.00,0.125,0.69,0.5675,0.5975
49-3093.00,0.19,0.4775,0.85,0.7925
49-9011.00,0.4175,0.785,0.7275,0.72
49-9012.00,0.5025,0.905,0.85,0.675
49-9021.00,0.61,0.7625,0.8025,0.7225
49-9031.00,0.76,0.6225,0.645,0.9125
49-9041.00,0.64,0.4225,0.84,0.185
49-9043.00,0.635,0.4775,0.785,0.355
49-9044.00,0.4775,0.84,0.91,0.4425
49-9045.00,0.095,0.495,0.79,0.16
49-9051.00,0.1225,1,0.965,0.67
49-9052.00,0.6575,0.9575,0.82,0.7475
49-9061.00,0.905,0.035,0.4225,0.5325
49-9062.00,0.925,0.365,0.8325,0.7075
49-9063.00,0.94,0.0725,0.2875,0.7025
49-9064.00,1,0,0.5475,0.5675
49-9071.00,0.6825,0.81,0.825,0.6325
49-9081.00,0.28,0.9375,0.8775,0.3525
49-9091.00,0.78,0.575,0.44,0.645
49-9092.00,0.1875,0.9025,0.88,0.495
49-9094.00,0.655,0.845,0.65,0.8275
49-9095.00,0.22,0.8575,0.7025,0.365
49-9096.00,0.345,0.895,0.8525,0.52
49-9097.00,0.4325,0.9175,0.8925,0.4925
49-9098.00,0.3675,0.735,0.7925,0.595
51-1011.00,0.575,0.4075,0.88,0.48
51-2011.00,0.77,0.1125,0.765,0.3225
51-2021.00,0.6525,0.1225,0.715,0.26
51-2022.00,0.945,0.23,0.675,0.32
51-2023.00,0.995,0.0275,0.7975,0.3375
51-2031.00,0.4975,0.275,0.8025,0.4475
51-2041.00,0.165,0.3,0.7375,0.2
51-2051.00,0.385,0.1675,0.84,0.35
51-2061.00,0.755,0.065,0.6575,0.1125
51-2092.00,0.7125,0.0475,0.815,0.25
51-3011.00,0.675,0.04,0.7225,0.6025
51-3021.00,1,0.07,0.85,0.87
51-3022.00,0.9375,0.3225,0.8275,0.6075
51-3023.00,0.7925,0.1675,0.89,0.575
51-3091.00,0.5725,0.0575,0.68,0.38
51-3092.00,0.6975,0.0025,0.805,0.2475
51-3093.00,0.935,0.455,0.89,0.5
51-4021.00,0.3675,0.1125,0.6175,0.08
51-4022.00,0.38,0.225,0.835,0.255
51-4023.00,0.5375,0.09,0.925,0.545
51-4031.00,0.4225,0.105,0.54,0.1775
51-4032.00,0.71,0.0175,0.8275,0.3475
51-4033.00,0.79,0.1325,0.6475,0.3675
51-4034.00,0.8,0.13,0.65,0.455
51-4035.00,0.31,0.0675,0.6325,0.22
51-4041.00,0.765,0.085,0.695,0.4125
51-4051.00,0.2175,0.205,0.795,0.1725
51-4052.00,0.0075,0.0675,0.56,0.0275
51-4061.00,0.7475,0.03,0.615,0.0775
51-4062.00,0.625,0.235,0.785,0.2675
51-4071.00,0.0325,0.3775,0.735,0.2225
51-4072.00,0.4525,0.11,0.6175,0.0375
51-4081.00,0.6975,0.03,0.695,0.31
51-4111.00,0.55,0.08,0.7475,0.21
51-4121.00,0.4175,0.13,0.7125,0.2475
51-4122.00,0.385,0.1725,0.7925,0.2725
51-4191.00,0.505,0.1275,0.7525,0.1575
51-4192.00,0.305,0.3025,0.6175,0.3025
51-4193.00,0.3075,0.115,0.7875,0.2925
51-4194.00,0.3775,0.2275,0.735,0.2825
51-5111.00,0.905,0.045,0.74,0.4
51-5112.00,1,0.0325,0.82,0.5125
51-5113.00,0.82,0.025,0.8875,0.3775
51-6011.00,0.625,0.1475,0.68,0.3725
51-6021.00,0.51,0.145,0.615,0.395
51-6031.00,0.6425,0,0.605,0.12
51-6041.00,0.83,0,0.3775,0.6275
51-6042.00,0.68,0.005,0.7175,0.17
51-6051.00,0.28,0.0125,0.7825,0.5375
51-6052.00,0.8425,0.035,0.6675,0.745
51-6061.00,0.24,0.0425,0.7625,0.27
51-6062.00,0.46,0.105,0.6325,0.135
51-6063.00,0.655,0,0.6625,0.11
51-6064.00,0.59,0.045,0.7525,0.1625
51-6091.00,0.865,0.1825,0.89,0.3025
51-6092.00,0.7375,0.0125,0.8825,0.385
51-6093.00,0.6475,0.05,0.52,0.3975
51-7011.00,0.3825,0.215,0.7125,0.5575
51-7021.00,0.3675,0.075,0.6875,0.1125
51-7031.00,0.25,0.12,0.6275,0.315
51-7032.00,0.6025,0.3475,0.785,0.59
51-7041.00,0.2425,0.26,0.6825,0.05
51-7042.00,0.1475,0.175,0.7975,0.32
51-8011.00,0.9975,0.29,0.9725,0.2825
51-8012.00,0.8125,0.45,0.81,0.645
51-8013.00,0.7425,0.7775,0.8975,0.325
51-8021.00,0.7,0.815,0.9175,0.59
51-8031.00,0.7925,0.9125,0.7725,0.615
51-8091.00,0.885,0.885,0.775,0.17
51-8092.00,0.665,0.8225,0.8525,0.4525
51-8093.00,0.7075,0.96,0.875,0.4075
51-9011.00,0.42,0.78,0.8525,0.17
51-9012.00,0.5675,0.1575,0.705,0.0975
51-9021.00,0.3925,0.6,0.6375,0.31
51-9022.00,0.645,0.3825,0.67,0.2575
51-9023.00,0.6575,0.3725,0.8675,0.1725
51-9031.00,0.9075,0.005,0.6175,0.04
51-9032.00,0.57,0.175,0.8025,0.2
51-9041.00,0.5075,0.0325,0.79,0.2875
51-9051.00,0.345,0.19,0.7025,0.115
51-9061.00,0.56,0.235,0.875,0.49
51-9071.00,0.9525,0.2525,0.79,0.615
51-9071.06,0.965,0.02,0.8375,0.855
51-9081.00,0.9325,0.0075,0.765,0.4075
51-9082.00,0.9625,0.045,0.735,0.69
51-9083.00,0.9925,0.0025,0.765,0.5775
51-9111.00,0.7825,0.18,0.76,0.2375
51-9123.00,0.4475,0.0575,0.7375,0.5525
51-9124.00,0.4525,0.2775,0.775,0.2525
51-9141.00,0.995,0.07,0.7525,0.18
51-9151.00,0.77,0.3075,0.7,0.7575
51-9161.00,0.7,0.0675,0.6875,0.2275
51-9162.00,0.71,0.095,0.685,0.305
51-9191.00,0.7275,0.055,0.685,0.33
51-9192.00,0.5375,0.3825,0.7775,0.0625
51-9193.00,0.8325,0.5525,0.755,0.24
51-9194.00,0.8475,0.0825,0.59,0.44
51-9195.00,0.285,0.1825,0.775,0.315
51-9195.03,0.3475,0.4025,0.685,0.4175
51-9195.04,0.4,0.0325,0.7075,0.345
51-9195.05,0.6875,0.1525,0.5625,0.83
51-9196.00,0.5,0.03,0.88,0.3
51-9197.00,0.6025,0.2025,0.495,0.2725
51-9198.00,0.2075,0.28,0.7225,0.2475
53-1041.00,0.7675,0.845,0.9625,0.8125
53-1042.00,0.74,0.5275,0.98,0.75
53-1043.00,0.4775,0.7125,0.915,0.9
53-2011.00,0.6925,0.605,0.8875,0.585
53-2012.00,0.6375,0.68,0.92,0.4725
53-2021.00,0.9725,0.0325,0.9525,0.8125
53-2022.00,0.7275,0.8025,0.9375,0.9425
53-2031.00,0.9725,0.425,0.8825,0.9675
53-3011.00,0.4325,0.8075,0.7925,0.765
53-3031.00,0.5525,1,0.57,0.825
53-3032.00,0.24,0.94,0.65,0.6875
53-3033.00,0.3575,0.7875,0.6175,0.77
53-3051.00,0.165,0.725,0.605,0.575
53-3052.00,0.4275,0.54,0.55,0.7175
53-3053.00,0.3725,0.8375,0.715,0.845
53-4011.00,0.1225,0.86,0.94,0.5575
53-4013.00,0.1025,0.92,0.9725,0.415
53-4022.00,0.1075,0.93,0.84,0.4
53-4031.00,0.2725,0.925,0.8725,0.5675
53-4041.00,0.35,0.76,0.745,0.84
53-5011.00,0.35,1,0.7625,0.4525
53-5021.00,0.4675,0.835,0.8575,0.6225
53-5022.00,0.145,0.815,0.715,0.845
53-5031.00,0.565,0.8475,0.84,0.46
53-6011.00,0.8675,0.5925,0.6175,0.6375
53-6021.00,0.615,0.6525,0.7,0.8125
53-6031.00,0.025,0.8625,0.7825,0.8525
53-6041.00,0.82,0.75,0.7675,0.705
53-6051.00,0.6175,0.795,0.595,0.67
53-6051.01,0.72,0.6475,0.78,0.8075
53-6051.07,0.4275,0.66,0.7175,0.415
53-6061.00,0.0675,0.5425,0.595,0.5575
53-7011.00,0.2475,0.7125,0.7725,0.19
53-7021.00,0.445,0.6975,0.84,0.3025
53-7031.00,0.2975,0.8625,0.72,0.125
53-7041.00,0.0725,0.5175,0.935,0.3775
53-7051.00,0.2675,0.6375,0.745,0.37
53-7061.00,0.385,0.4725,0.68,0.3625
53-7062.00,0.19,0.825,0.7825,0.4575
53-7063.00,0.5375,0.18,0.7125,0.2175
53-7064.00,0.51,0.23,0.7575,0.4225
53-7065.00,0.83,0.185,0.795,0.7725
53-7071.00,0.585,0.9575,0.8775,0.34
53-7072.00,0.185,0.9225,0.7125,0.475
53-7073.00,0.3525,0.9925,0.7025,0.6075
53-7081.00,0.085,0.9725,0.4825,0.445
53-7121.00,0.4075,0.94,0.9025,0.5125
