onetsoc_code,1.D.1.a,1.D.1.b,1.D.1.i,1.D.2.d,1.D.3.b,1.D.4.a
11-1011.00,0.883333,0.985,1,0.755,0.74,0.925
11-1021.00,0.766667,0.896667,0.988333,0.806667,0.79,0.831667
11-2011.00,0.913333,0.885,0.92,0.806667,0.81,0.8
11-2021.00,0.913333,0.896667,0.9,0.75,0.77,0.8
11-2022.00,0.745,0.908333,0.951667,0.795,0.778333,0.821667
11-2033.00,0.745,0.985,0.895,0.883333,0.793333,0.62
11-3012.00,0.695,0.795,0.825,0.806667,0.823333,0.715
11-3013.00,0.678333,0.795,0.905,0.771667,0.856667,0.793333
11-3013.01,0.628333,0.835,0.915,0.771667,0.928333,0.868333
11-3021.00,0.888333,0.873333,0.905,0.82,0.895,0.8
11-3031.00,0.661667,0.861667,0.91,0.755,0.956667,0.8
11-3031.01,0.661667,0.88,0.93,0.713333,1,0.768333
11-3031.03,0.713333,0.933333,0.87,0.641667,1,0.873333
11-3051.00,0.726667,0.861667,0.956667,0.771667,0.928333,0.831667
11-3051.01,0.705,0.856667,0.905,0.806667,1,0.8
11-3061.00,0.67,0.83,0.895,0.806667,0.906667,0.725
11-3071.00,0.708333,0.851667,0.93,0.795,0.895,0.81
11-3071.04,0.786667,0.856667,0.875,0.771667,0.906667,0.8
11-3111.00,0.67,0.8,0.845,0.806667,0.938333,0.748333
11-3121.00,0.665,0.81,0.91,0.883333,0.856667,0.85
11-3131.00,0.903333,0.856667,0.9,0.883333,0.836667,0.73
11-9013.00,0.726667,0.835,0.946667,0.585,0.841667,0.788333
11-9021.00,0.713333,0.856667,0.946667,0.806667,0.88,0.868333
11-9031.00,0.716667,0.82,0.905,0.948333,0.82,0.831667
11-9032.00,0.766667,0.856667,1,0.896667,0.815,0.868333
11-9033.00,0.763333,0.88,0.978333,0.883333,0.82,0.8
11-9041.00,0.888333,0.861667,0.935,0.806667,0.875,0.8
11-9051.00,0.661667,0.795,0.915,0.883333,0.865,0.838333
11-9071.00,0.561667,0.795,0.905,0.75,0.901667,0.868333
11-9072.00,0.745,0.781667,0.885,0.883333,0.778333,0.838333
11-9081.00,0.665,0.83,0.89,0.905,0.833333,0.831667
11-9111.00,0.753333,0.856667,0.956667,0.905,0.933333,0.873333
11-9121.00,0.918333,0.891667,0.951667,0.845,0.87,0.8
11-9121.01,0.705,0.851667,0.796667,0.89,0.961667,0.831667
11-9131.00,0.543333,0.795,0.978333,0.806667,0.856667,0.711667
11-9141.00,0.645,0.795,0.89,0.806667,0.885,0.8
11-9151.00,0.721667,0.851667,0.935,0.905,0.785,0.831667
11-9161.00,0.786667,0.861667,0.946667,0.905,0.916667,1
11-9171.00,0.628333,0.776667,0.885,0.925,0.895,0.868333
11-9179.01,0.745,0.805,0.875,0.883333,0.793333,0.743333
11-9179.02,0.705,0.83,0.89,0.87,0.828333,0.763333
11-9199.01,0.645,0.861667,0.885,0.771667,1,0.8
11-9199.08,0.625,0.84,0.915,0.625,0.956667,0.873333
13-1011.00,0.731667,0.868333,0.875,0.783333,0.836667,0.805
13-1021.00,0.611667,0.781667,0.715,0.68,0.87,0.693333
13-1022.00,0.713333,0.81,0.728333,0.718333,0.88,0.73
13-1023.00,0.636667,0.795,0.71,0.771667,0.895,0.72
13-1031.00,0.503333,0.785,0.61,0.73,0.945,0.8
13-1032.00,0.48,0.716667,0.571667,0.7,0.921667,0.73
13-1041.00,0.401667,0.681667,0.663333,0.735,0.928333,0.738333
13-1041.04,0.473333,0.745,0.663333,0.625,0.956667,0.703333
13-1041.06,0.463333,0.79,0.815,0.69,1,0.931667
13-1041.07,0.54,0.8,0.646667,0.778333,1,0.738333
13-1041.08,0.483333,0.776667,0.618333,0.771667,0.945,0.758333
13-1051.00,0.656667,0.766667,0.663333,0.71,0.961667,0.748333
13-1071.00,0.648333,0.733333,0.685,0.883333,0.88,0.738333
13-1074.00,0.506667,0.665,0.91,0.74,0.758333,0.763333
13-1075.00,0.608333,0.776667,0.786667,0.806667,0.856667,0.868333
13-1081.00,0.716667,0.835,0.825,0.85,0.928333,0.8
13-1081.01,0.883333,0.835,0.693333,0.676667,0.928333,0.69
13-1081.02,0.7,0.79,0.615,0.65,0.928333,0.706667
13-1111.00,0.873333,0.88,0.796667,0.771667,0.933333,0.773333
13-1121.00,0.7,0.84,0.825,0.883333,0.956667,0.85
13-1131.00,0.708333,0.965,0.86,0.89,0.785,0.753333
13-1141.00,0.625,0.795,0.65,0.771667,0.961667,0.658333
13-1151.00,0.883333,0.84,0.801667,0.883333,0.82,0.706667
13-1161.00,0.823333,0.835,0.655,0.73,0.885,0.681667
13-1161.01,0.878333,0.856667,0.676667,0.761667,0.895,0.706667
13-1199.04,0.766667,0.856667,0.835,0.771667,0.961667,0.868333
13-1199.06,0.731667,0.83,0.646667,0.658333,0.87,0.69
13-1199.07,0.726667,0.84,0.815,0.69,0.928333,0.861667
13-2011.00,0.585,0.805,0.638333,0.621667,1,0.73
13-2022.00,0.588333,0.776667,0.545,0.481667,0.961667,0.533333
13-2023.00,0.561667,0.781667,0.568333,0.578333,0.95,0.661667
13-2031.00,0.631667,0.795,0.646667,0.68,1,0.73
13-2041.00,0.611667,0.795,0.535,0.645,1,0.711667
13-2052.00,0.716667,0.88,0.778333,0.806667,1,0.783333
13-2053.00,0.503333,0.795,0.503333,0.603333,0.945,0.706667
13-2061.00,0.593333,0.84,0.783333,0.676667,1,0.8
13-2071.00,0.616667,0.785,0.671667,0.863333,0.938333,0.8
13-2072.00,0.616667,0.83,0.701667,0.795,0.906667,0.758333
13-2081.00,0.428333,0.728333,0.526667,0.676667,0.961667,0.73
13-2082.00,0.503333,0.766667,0.52,0.735,1,0.711667
13-2099.01,0.82,0.873333,0.538333,0.65,1,0.8
13-2099.04,0.708333,0.856667,0.731667,0.65,1,0.843333
15-1211.00,0.883333,0.766667,0.606667,0.766667,0.928333,0.763333
15-1211.01,0.878333,0.825,0.715,0.876667,0.961667,0.773333
15-1212.00,0.893333,0.84,0.693333,0.68,1,0.826667
15-1221.00,0.971667,0.873333,0.671667,0.653333,0.916667,0.661667
15-1231.00,0.708333,0.763333,0.491667,0.74,0.95,0.768333
15-1232.00,0.661667,0.728333,0.541667,0.831667,0.89,0.768333
15-1241.00,0.893333,0.84,0.676667,0.73,0.956667,0.768333
15-1241.01,0.833333,0.83,0.723333,0.806667,0.933333,0.738333
15-1242.00,0.705,0.795,0.65,0.7,1,0.698333
15-1243.00,0.838333,0.851667,0.63,0.718333,1,0.678333
15-1243.01,0.763333,0.83,0.491667,0.606667,1,0.666667
15-1244.00,0.716667,0.79,0.59,0.695,0.945,0.763333
15-1251.00,0.823333,0.79,0.421667,0.618333,1,0.681667
15-1252.00,0.918333,0.856667,0.688333,0.7,0.945,0.711667
15-1253.00,0.716667,0.795,0.463333,0.7,1,0.681667
15-1254.00,0.883333,0.83,0.496667,0.641667,0.928333,0.681667
15-1255.01,1,0.856667,0.778333,0.831667,0.82,0.738333
15-1299.01,0.771667,0.785,0.59,0.658333,0.928333,0.758333
15-1299.02,0.8,0.766667,0.553333,0.71,0.945,0.646667
15-1299.03,0.648333,0.75,0.568333,0.74,0.961667,0.673333
15-1299.05,0.893333,0.846667,0.666667,0.621667,1,0.868333
15-1299.08,0.913333,0.846667,0.741667,0.725,0.928333,0.768333
15-1299.09,0.763333,0.873333,0.93,0.876667,0.89,0.843333
15-2011.00,0.735,0.856667,0.688333,0.658333,1,0.703333
15-2021.00,0.918333,0.856667,0.485,0.591667,1,0.643333
15-2031.00,0.858333,0.861667,0.666667,0.676667,0.928333,0.706667
15-2041.00,0.815,0.856667,0.538333,0.625,1,0.666667
15-2041.01,0.838333,0.861667,0.61,0.705,1,0.73
15-2051.01,0.745,0.846667,0.563333,0.545,0.961667,0.703333
15-2051.02,0.7,0.82,0.71,0.761667,1,0.738333
15-2099.01,0.853333,0.82,0.46,0.735,0.98,0.681667
17-1011.00,0.918333,0.856667,0.755,0.74,0.95,0.738333
17-1012.00,0.908333,0.8,0.723333,0.795,0.885,0.69
17-1021.00,0.735,0.771667,0.523333,0.618333,1,0.613333
17-1022.00,0.573333,0.766667,0.688333,0.598333,1,0.661667
17-1022.01,0.661667,0.741667,0.706667,0.506667,1,0.633333
17-2011.00,0.918333,0.856667,0.746667,0.68,0.98,0.711667
17-2021.00,0.893333,0.825,0.755,0.766667,0.916667,0.661667
17-2031.00,0.918333,0.856667,0.715,0.806667,0.945,0.711667
17-2041.00,0.903333,0.856667,0.701667,0.7,0.945,0.783333
17-2051.00,0.828333,0.846667,0.835,0.74,0.928333,0.738333
17-2051.01,0.81,0.825,0.676667,0.718333,0.945,0.733333
17-2061.00,0.918333,0.856667,0.671667,0.663333,0.945,0.693333
17-2071.00,0.883333,0.851667,0.715,0.695,0.956667,0.693333
17-2072.00,0.908333,0.84,0.666667,0.65,0.95,0.693333
17-2072.01,0.873333,0.835,0.61,0.625,0.921667,0.67
17-2081.00,0.883333,0.84,0.746667,0.806667,0.938333,0.725
17-2111.00,0.766667,0.84,0.76,0.806667,0.945,0.831667
17-2111.02,0.848333,0.835,0.783333,0.771667,0.961667,0.763333
17-2112.00,0.858333,0.851667,0.741667,0.735,0.938333,0.698333
17-2112.01,0.893333,0.825,0.663333,0.806667,0.938333,0.69
17-2112.02,0.721667,0.851667,0.676667,0.75,1,0.703333
17-2112.03,0.893333,0.83,0.718333,0.73,0.921667,0.72
17-2121.00,0.883333,0.856667,0.778333,0.718333,0.95,0.738333
17-2131.00,0.913333,0.851667,0.728333,0.71,0.95,0.673333
17-2141.00,0.898333,0.83,0.676667,0.671667,0.956667,0.711667
17-2141.01,0.918333,0.856667,0.71,0.71,0.95,0.693333
17-2141.02,0.918333,0.856667,0.746667,0.68,0.938333,0.706667
17-2151.00,0.805,0.84,0.825,0.725,0.928333,0.831667
17-2161.00,0.828333,0.868333,0.763333,0.74,1,0.898333
17-2171.00,0.863333,0.856667,0.736667,0.68,0.928333,0.8
17-2199.03,0.878333,0.861667,0.723333,0.705,0.928333,0.685
17-2199.05,0.918333,0.84,0.676667,0.663333,0.938333,0.661667
17-2199.06,0.918333,0.856667,0.635,0.658333,1,0.681667
17-2199.07,0.908333,0.856667,0.621667,0.641667,0.961667,0.666667
17-2199.08,0.925,0.846667,0.693333,0.645,0.956667,0.67
17-2199.09,0.961667,0.873333,0.741667,0.68,1,0.678333
17-3011.00,0.683333,0.766667,0.538333,0.618333,0.961667,0.643333
17-3012.00,0.625,0.753333,0.433333,0.695,0.945,0.643333
17-3013.00,0.683333,0.758333,0.516667,0.641667,1,0.596667
17-3021.00,0.708333,0.566667,0.523333,0.713333,0.961667,0.758333
17-3022.00,0.636667,0.771667,0.556667,0.71,0.945,0.678333
17-3023.00,0.753333,0.776667,0.538333,0.7,0.961667,0.678333
17-3024.00,0.708333,0.776667,0.463333,0.613333,0.945,0.715
17-3024.01,0.748333,0.781667,0.538333,0.658333,0.928333,0.693333
17-3025.00,0.683333,0.766667,0.52,0.745,0.945,0.725
17-3026.00,0.691667,0.781667,0.553333,0.68,0.945,0.67
17-3026.01,0.786667,0.825,0.52,0.71,1,0.69
17-3027.00,0.823333,0.781667,0.545,0.705,0.945,0.67
17-3027.01,0.795,0.766667,0.503333,0.645,0.928333,0.681667
17-3029.01,0.561667,0.785,0.601667,0.65,1,0.763333
17-3029.08,0.673333,0.753333,0.503333,0.705,0.945,0.673333
17-3031.00,0.608333,0.736667,0.436667,0.645,0.956667,0.626667
19-1011.00,0.888333,0.851667,0.663333,0.69,0.885,0.65
19-1012.00,0.898333,0.84,0.671667,0.73,0.95,0.685
19-1013.00,0.913333,0.766667,0.666667,0.588333,0.928333,0.658333
19-1021.00,0.935,0.856667,0.706667,0.7,1,0.72
19-1022.00,0.878333,0.856667,0.68,0.695,1,0.733333
19-1023.00,0.858333,0.82,0.706667,0.806667,0.865,0.715
19-1029.01,0.935,0.856667,0.635,0.663333,0.961667,0.685
19-1029.02,0.893333,0.856667,0.763333,0.695,1,0.748333
19-1029.03,0.918333,0.873333,0.741667,0.783333,1,0.715
19-1029.04,0.883333,0.825,0.715,0.783333,0.921667,0.658333
19-1031.00,0.848333,0.771667,0.773333,0.795,0.875,0.711667
19-1031.02,0.753333,0.79,0.806667,0.795,0.823333,0.69
19-1031.03,0.758333,0.753333,0.638333,0.771667,0.74,0.706667
19-1032.00,0.735,0.8,0.86,0.79,0.836667,0.72
19-1041.00,0.8,0.856667,0.75,0.856667,0.95,0.8
19-1042.00,0.893333,0.873333,0.71,0.71,1,0.788333
19-2011.00,0.925,0.868333,0.71,0.745,0.916667,0.69
19-2012.00,0.935,0.861667,0.606667,0.613333,0.921667,0.658333
19-2021.00,0.828333,0.856667,0.621667,0.645,0.945,0.753333
19-2031.00,0.898333,0.856667,0.621667,0.68,1,0.703333
19-2032.00,0.913333,0.856667,0.638333,0.671667,0.945,0.681667
19-2041.00,0.838333,0.835,0.723333,0.79,0.945,0.72
19-2042.00,0.878333,0.84,0.65,0.625,0.938333,0.693333
19-2043.00,0.838333,0.83,0.685,0.718333,0.938333,0.661667
19-2099.01,0.918333,0.835,0.666667,0.685,0.945,0.693333
19-3011.00,0.815,0.861667,0.706667,0.645,0.921667,0.725
19-3022.00,0.776667,0.8,0.715,0.806667,0.938333,0.678333
19-3032.00,0.898333,0.908333,0.801667,0.863333,0.933333,0.743333
19-3033.00,0.733333,0.84,0.663333,0.925,0.933333,0.911667
19-3034.00,0.726667,0.84,0.71,0.948333,0.928333,0.873333
19-3039.02,0.708333,0.856667,0.638333,0.85,1,0.838333
19-3039.03,0.713333,0.856667,0.63,0.896667,1,0.873333
19-3041.00,0.858333,0.84,0.65,0.806667,0.785,0.655
19-3051.00,0.833333,0.835,0.778333,0.863333,0.86,0.748333
19-3091.00,0.888333,0.84,0.671667,0.806667,0.856667,0.67
19-3092.00,0.873333,0.79,0.59,0.633333,0.88,0.613333
19-3093.00,0.708333,0.825,0.548333,0.653333,0.921667,0.581667
19-3094.00,0.815,0.856667,0.663333,0.618333,0.865,0.67
19-3099.01,0.805,0.82,0.715,0.806667,0.933333,0.661667
19-4012.00,0.678333,0.766667,0.618333,0.71,0.836667,0.666667
19-4012.01,0.878333,0.805,0.553333,0.653333,0.945,0.646667
19-4013.00,0.593333,0.725,0.606667,0.71,0.961667,0.655
19-4021.00,0.673333,0.763333,0.456667,0.801667,0.956667,0.685
19-4031.00,0.656667,0.79,0.491667,0.735,0.956667,0.681667
19-4042.00,0.673333,0.766667,0.56,0.74,0.95,0.778333
19-4043.00,0.573333,0.696667,0.513333,0.676667,0.928333,0.548333
19-4051.00,0.506667,0.805,0.51,0.845,1,0.911667
19-4051.02,0.443333,0.771667,0.568333,0.831667,1,0.933333
19-4061.00,0.708333,0.795,0.491667,0.75,0.928333,0.666667
19-4071.00,0.648333,0.72,0.76,0.801667,0.793333,0.743333
19-4092.00,0.67,0.781667,0.575,0.695,1,0.868333
19-4099.01,0.605,0.79,0.535,0.713333,1,0.685
19-4099.03,0.735,0.763333,0.535,0.653333,0.945,0.666667
19-5011.00,0.678333,0.81,0.75,0.813333,0.945,0.831667
19-5012.00,0.64,0.771667,0.701667,0.813333,0.938333,0.831667
21-1011.00,0.683333,0.763333,0.646667,0.883333,0.851667,0.868333
21-1012.00,0.716667,0.781667,0.706667,0.94,0.82,0.831667
21-1013.00,0.726667,0.741667,0.59,0.955,0.761667,0.855
21-1014.00,0.716667,0.736667,0.606667,0.993333,0.856667,0.925
21-1015.00,0.716667,0.83,0.701667,0.933333,0.846667,0.778333
21-1021.00,0.716667,0.736667,0.666667,1,0.82,0.886667
21-1022.00,0.735,0.815,0.768333,1,0.851667,0.893333
21-1023.00,0.705,0.766667,0.706667,0.985,0.833333,0.918333
21-1091.00,0.815,0.84,0.83,0.883333,0.841667,0.778333
21-1092.00,0.585,0.741667,0.768333,0.79,0.856667,0.911667
21-1093.00,0.64,0.655,0.601667,0.933333,0.81,0.815
21-1094.00,0.683333,0.736667,0.741667,0.933333,0.755,0.753333
21-2011.00,0.686667,0.763333,0.88,1,0.698333,0.831667
21-2021.00,0.748333,0.825,0.9,0.905,0.785,0.821667
23-1011.00,0.716667,0.88,0.83,0.68,0.938333,0.88
23-1012.00,0.6,0.856667,0.481667,0.761667,1,0.763333
23-1021.00,0.416667,0.825,0.85,0.621667,0.95,0.8
23-1022.00,0.656667,0.711667,0.643333,0.95,0.856667,0.843333
23-1023.00,0.521667,0.79,0.9,0.595,0.985,0.868333
23-2011.00,0.605,0.795,0.503333,0.813333,0.961667,0.768333
23-2093.00,0.421667,0.668333,0.431667,0.653333,1,0.661667
25-1011.00,0.786667,0.856667,0.783333,0.838333,0.806667,0.715
25-1021.00,0.888333,0.846667,0.706667,0.831667,0.846667,0.711667
25-1022.00,0.758333,0.856667,0.731667,0.795,0.885,0.733333
25-1031.00,0.893333,0.84,0.746667,0.838333,0.82,0.72
25-1032.00,0.913333,0.856667,0.731667,0.79,0.836667,0.738333
25-1041.00,0.858333,0.856667,0.773333,0.85,0.828333,0.73
25-1042.00,0.853333,0.856667,0.755,0.813333,0.841667,0.738333
25-1043.00,0.848333,0.84,0.75,0.831667,0.806667,0.698333
25-1051.00,0.848333,0.856667,0.76,0.856667,0.81,0.715
25-1052.00,0.8,0.856667,0.736667,0.653333,0.928333,0.768333
25-1053.00,0.883333,0.856667,0.741667,0.82,0.841667,0.738333
25-1054.00,0.843333,0.856667,0.715,0.813333,0.836667,0.753333
25-1061.00,0.893333,0.856667,0.76,0.813333,0.81,0.711667
25-1062.00,0.883333,0.851667,0.783333,0.85,0.793333,0.72
25-1063.00,0.79,0.856667,0.755,0.75,0.82,0.748333
25-1064.00,0.828333,0.84,0.71,0.813333,0.81,0.706667
25-1065.00,0.815,0.851667,0.768333,0.831667,0.793333,0.733333
25-1066.00,0.843333,0.856667,0.796667,0.838333,0.798333,0.738333
25-1067.00,0.833333,0.84,0.741667,0.813333,0.793333,0.743333
25-1071.00,0.82,0.856667,0.786667,0.838333,0.875,0.753333
25-1072.00,0.74,0.856667,0.845,0.905,0.911667,0.855
25-1081.00,0.883333,0.856667,0.76,0.87,0.815,0.8
25-1082.00,0.763333,0.83,0.71,0.838333,0.828333,0.678333
25-1111.00,0.721667,0.84,0.773333,0.838333,0.823333,0.715
25-1112.00,0.745,0.856667,0.825,0.831667,0.823333,0.763333
25-1113.00,0.79,0.84,0.825,0.87,0.77,0.758333
25-1121.00,0.918333,0.82,0.75,0.845,0.733333,0.715
25-1122.00,0.815,0.84,0.768333,0.85,0.778333,0.73
25-1123.00,0.853333,0.84,0.701667,0.82,0.806667,0.733333
25-1124.00,0.781667,0.84,0.71,0.845,0.836667,0.753333
25-1125.00,0.758333,0.835,0.71,0.806667,0.798333,0.738333
25-1126.00,0.853333,0.846667,0.731667,0.845,0.77,0.706667
25-1192.00,0.753333,0.84,0.741667,0.876667,0.823333,0.743333
25-1193.00,0.763333,0.83,0.778333,0.82,0.751667,0.711667
25-1194.00,0.731667,0.835,0.755,0.87,0.833333,0.783333
25-2011.00,0.716667,0.7,0.723333,0.97,0.748333,0.821667
25-2012.00,0.721667,0.766667,0.723333,0.948333,0.781667,0.838333
25-2021.00,0.726667,0.83,0.778333,0.925,0.801667,0.843333
25-2022.00,0.716667,0.825,0.763333,0.883333,0.801667,0.85
25-2023.00,0.726667,0.82,0.773333,0.87,0.785,0.843333
25-2031.00,0.716667,0.835,0.768333,0.883333,0.793333,0.843333
25-2032.00,0.758333,0.825,0.791667,0.876667,0.801667,0.838333
25-2051.00,0.763333,0.763333,0.701667,1,0.841667,0.855
25-2056.00,0.726667,0.825,0.731667,0.955,0.865,0.868333
25-2057.00,0.74,0.83,0.736667,0.948333,0.901667,0.88
25-2058.00,0.766667,0.825,0.746667,0.97,0.846667,0.868333
25-2059.01,0.731667,0.79,0.755,0.905,0.793333,0.8
25-3011.00,0.721667,0.825,0.75,0.89,0.806667,0.763333
25-3021.00,0.771667,0.725,0.75,0.876667,0.723333,0.633333
25-3031.00,0.573333,0.628333,0.693333,0.896667,0.758333,0.838333
25-3041.00,0.716667,0.785,0.626667,0.911667,0.801667,0.711667
25-4011.00,0.708333,0.75,0.701667,0.806667,0.98,0.603333
25-4012.00,0.843333,0.84,0.825,0.806667,0.911667,0.685
25-4013.00,0.708333,0.753333,0.615,0.795,0.956667,0.666667
25-4022.00,0.636667,0.716667,0.701667,0.883333,0.895,0.63
25-4031.00,0.54,0.61,0.548333,0.883333,0.88,0.616667
25-9021.00,0.8,0.835,0.865,0.883333,0.801667,0.753333
25-9031.00,0.908333,0.856667,0.85,0.89,0.81,0.763333
25-9042.00,0.645,0.616667,0.545,0.905,0.755,0.778333
25-9043.00,0.686667,0.643333,0.538333,0.948333,0.801667,0.838333
25-9044.00,0.683333,0.708333,0.606667,0.876667,0.755,0.748333
27-1011.00,0.955,0.835,0.88,0.783333,0.823333,0.768333
27-1012.00,0.918333,0.776667,0.538333,0.515,0.88,0.525
27-1013.00,1,0.81,0.456667,0.561667,0.716667,0.573333
27-1014.00,0.976667,0.825,0.598333,0.658333,0.89,0.698333
27-1021.00,0.966667,0.84,0.671667,0.725,0.88,0.661667
27-1022.00,0.94,0.835,0.723333,0.725,0.851667,0.72
27-1023.00,0.828333,0.681667,0.606667,0.806667,0.856667,0.685
27-1024.00,0.918333,0.781667,0.553333,0.69,0.901667,0.62
27-1025.00,0.903333,0.785,0.731667,0.813333,0.911667,0.715
27-1026.00,0.888333,0.705,0.65,0.778333,0.856667,0.64
27-1027.00,0.95,0.825,0.715,0.74,0.901667,0.738333
27-2011.00,0.888333,0.785,0.428333,0.883333,0.783333,0.843333
27-2012.00,0.95,0.88,0.935,0.856667,0.833333,0.868333
27-2012.03,0.893333,0.84,0.91,0.813333,0.836667,0.843333
27-2012.04,0.763333,0.741667,0.773333,0.845,0.778333,0.768333
27-2012.05,0.753333,0.795,0.895,0.845,0.87,0.85
27-2021.00,0.645,0.971667,0.718333,0.658333,0.708333,0.911667
27-2022.00,0.766667,0.903333,0.951667,0.883333,0.71,0.868333
27-2023.00,0.395,0.693333,0.82,0.588333,0.846667,0.905
27-2031.00,0.726667,0.856667,0.491667,0.771667,0.69,0.81
27-2032.00,0.981667,0.84,0.89,0.845,0.683333,0.773333
27-2041.00,0.976667,0.856667,0.905,0.82,0.841667,0.8
27-2042.00,0.868333,0.84,0.503333,0.75,0.716667,0.8
27-3011.00,0.705,0.728333,0.685,0.761667,0.766667,0.8
27-3023.00,0.833333,0.84,0.685,0.625,0.828333,0.831667
27-3031.00,0.853333,0.825,0.755,0.905,0.8,0.8
27-3041.00,0.81,0.835,0.855,0.771667,1,0.8
27-3042.00,0.695,0.753333,0.443333,0.73,0.961667,0.633333
27-3043.00,0.975,0.825,0.618333,0.671667,0.755,0.681667
27-3043.05,1,0.835,0.431667,0.556667,0.668333,0.613333
27-3091.00,0.605,0.753333,0.395,0.745,0.938333,0.743333
27-3092.00,0.416667,0.776667,0.406667,0.606667,1,0.815
27-4011.00,0.695,0.69,0.68,0.718333,0.895,0.793333
27-4012.00,0.673333,0.711667,0.465,0.666667,0.911667,0.773333
27-4014.00,0.781667,0.771667,0.468333,0.745,0.928333,0.768333
27-4021.00,0.893333,0.753333,0.568333,0.653333,0.841667,0.72
27-4031.00,0.805,0.758333,0.548333,0.745,0.841667,0.743333
27-4032.00,0.898333,0.84,0.526667,0.755,0.928333,0.748333
29-1011.00,0.708333,0.79,0.65,0.89,0.916667,0.763333
29-1021.00,0.705,0.84,0.701667,0.831667,1,0.838333
29-1022.00,0.735,0.873333,0.778333,0.856667,1,0.925
29-1023.00,0.753333,0.846667,0.666667,0.79,1,0.783333
29-1024.00,0.786667,0.861667,0.666667,0.845,1,0.8
29-1031.00,0.716667,0.82,0.688333,0.883333,0.95,0.768333
29-1041.00,0.695,0.805,0.626667,0.82,1,0.768333
29-1051.00,0.661667,0.84,0.68,0.883333,1,0.843333
29-1071.00,0.708333,0.846667,0.578333,0.911667,1,0.893333
29-1071.01,0.5,0.84,0.531667,0.905,1,1
29-1081.00,0.726667,0.84,0.671667,0.79,0.95,0.768333
29-1122.00,0.748333,0.82,0.671667,0.948333,0.928333,0.826667
29-1122.01,0.74,0.776667,0.621667,0.925,0.86,0.788333
29-1123.00,0.716667,0.82,0.671667,0.94,0.921667,0.831667
29-1124.00,0.5,0.781667,0.606667,1,1,0.873333
29-1125.00,0.766667,0.741667,0.76,0.948333,0.77,0.753333
29-1126.00,0.661667,0.79,0.715,0.911667,1,0.918333
29-1127.00,0.735,0.825,0.621667,0.933333,0.945,0.768333
29-1128.00,0.721667,0.825,0.723333,0.87,0.865,0.758333
29-1129.01,0.893333,0.758333,0.646667,0.948333,0.815,0.788333
29-1129.02,0.878333,0.776667,0.655,0.94,0.823333,0.758333
29-1131.00,0.748333,0.835,0.755,0.831667,0.945,0.88
29-1141.00,0.7,0.7,0.746667,0.94,1,0.868333
29-1141.01,0.683333,0.83,0.731667,0.948333,1,1
29-1141.02,0.726667,0.825,0.746667,0.896667,0.998333,0.925
29-1141.03,0.653333,0.835,0.763333,0.948333,1,1
29-1141.04,0.745,0.84,0.91,0.948333,1,0.925
29-1151.00,0.62,0.856667,0.731667,0.905,1,1
29-1161.00,0.695,0.83,0.806667,0.933333,1,0.925
29-1171.00,0.721667,0.846667,0.746667,0.933333,1,0.911667
29-1181.00,0.721667,0.805,0.65,0.883333,0.95,0.738333
29-1211.00,0.661667,0.856667,0.773333,0.87,1,1
29-1213.00,0.713333,0.851667,0.68,0.825,0.998333,0.768333
29-1214.00,0.683333,0.856667,0.905,0.918333,1,1
29-1215.00,0.721667,0.84,0.85,0.94,1,0.893333
29-1216.00,0.735,0.856667,0.768333,0.918333,1,0.898333
29-1217.00,0.735,0.846667,0.696667,0.825,1,0.873333
29-1218.00,0.721667,0.873333,0.865,0.911667,1,0.918333
29-1221.00,0.726667,0.84,0.768333,0.948333,0.98,0.873333
29-1222.00,0.758333,0.861667,0.676667,0.755,1,0.831667
29-1223.00,0.731667,0.83,0.701667,0.911667,0.928333,0.918333
29-1224.00,0.713333,0.846667,0.658333,0.845,1,0.826667
29-1229.01,0.726667,0.856667,0.658333,0.89,1,0.805
29-1229.02,0.7,0.851667,0.87,0.925,1,0.98
29-1229.03,0.8,0.851667,0.626667,0.838333,1,0.783333
29-1229.04,0.731667,0.856667,0.783333,0.911667,0.95,0.855
29-1229.05,0.838333,0.861667,0.905,0.896667,0.945,0.831667
29-1229.06,0.731667,0.84,0.82,0.883333,0.945,0.898333
29-1241.00,0.745,0.868333,0.718333,0.838333,1,0.843333
29-1291.00,0.691667,0.741667,0.598333,0.838333,0.928333,0.711667
29-1292.00,0.596667,0.736667,0.56,0.905,0.945,0.793333
29-1299.01,0.81,0.846667,0.688333,0.876667,0.933333,0.788333
29-1299.02,0.705,0.815,0.601667,0.87,0.945,0.783333
29-2011.00,0.691667,0.84,0.65,0.771667,1,0.778333
29-2011.01,0.573333,0.846667,0.575,0.735,1,0.783333
29-2011.02,0.441667,0.8,0.506667,0.74,1,0.778333
29-2011.04,0.573333,0.785,0.646667,0.75,1,0.743333
29-2012.00,0.441667,0.766667,0.556667,0.795,1,0.758333
29-2012.01,0.443333,0.693333,0.443333,0.666667,1,0.678333
29-2031.00,0.525,0.705,0.578333,0.925,0.961667,0.85
29-2032.00,0.605,0.753333,0.56,0.87,0.961667,0.8
29-2033.00,0.588333,0.785,0.571667,0.89,1,0.838333
29-2034.00,0.558333,0.716667,0.553333,0.876667,0.961667,0.8
29-2035.00,0.588333,0.736667,0.531667,0.911667,0.961667,0.805
29-2036.00,0.748333,0.856667,0.685,0.896667,1,0.855
29-2051.00,0.636667,0.696667,0.646667,0.87,0.933333,0.703333
29-2052.00,0.45,0.686667,0.436667,0.806667,1,0.738333
29-2053.00,0.6,0.651667,0.646667,0.918333,0.86,0.925
29-2055.00,0.421667,0.741667,0.425,0.933333,1,0.905
29-2056.00,0.631667,0.781667,0.571667,0.883333,0.945,0.88
29-2057.00,0.525,0.57,0.485,0.771667,0.961667,0.8
29-2061.00,0.585,0.716667,0.685,0.933333,0.961667,0.85
29-2081.00,0.585,0.7,0.598333,0.838333,0.961667,0.666667
29-2091.00,0.853333,0.835,0.688333,0.863333,0.98,0.773333
29-2092.00,0.705,0.753333,0.615,0.911667,0.956667,0.715
29-2099.01,0.6,0.758333,0.496667,0.825,0.961667,0.793333
29-2099.05,0.62,0.636667,0.671667,0.82,1,0.788333
29-2099.08,0.648333,0.678333,0.666667,0.918333,0.846667,0.831667
29-9091.00,0.695,0.815,0.723333,0.905,0.921667,0.868333
29-9092.00,0.705,0.83,0.646667,0.925,1,0.85
29-9093.00,0.456667,0.771667,0.45,0.94,1,0.925
29-9099.01,0.648333,0.781667,0.658333,0.948333,0.998333,0.988333
31-1121.00,0.515,0.621667,0.468333,0.963333,0.895,0.831667
31-1122.00,0.46,0.605,0.453333,0.97,0.828333,0.826667
31-1131.00,0.486667,0.618333,0.443333,0.963333,0.87,0.821667
31-1132.00,0.425,0.576667,0.431667,0.845,0.778333,0.768333
31-1133.00,0.483333,0.605,0.506667,0.94,0.798333,0.938333
31-2011.00,0.691667,0.741667,0.621667,0.905,0.885,0.805
31-2012.00,0.5,0.616667,0.443333,0.918333,0.82,0.72
31-2021.00,0.661667,0.736667,0.606667,0.94,0.906667,0.748333
31-2022.00,0.473333,0.613333,0.463333,0.911667,0.833333,0.698333
31-9011.00,0.683333,0.661667,0.541667,0.905,0.751667,0.715
31-9091.00,0.503333,0.7,0.5,0.905,0.945,0.753333
31-9092.00,0.503333,0.678333,0.506667,0.911667,0.961667,0.793333
31-9093.00,0.435,0.648333,0.433333,0.75,0.961667,0.685
31-9094.00,0.421667,0.7,0.381667,0.641667,1,0.673333
31-9095.00,0.446667,0.595,0.393333,0.813333,0.895,0.698333
31-9096.00,0.49,0.678333,0.496667,0.883333,0.885,0.826667
31-9097.00,0.438333,0.651667,0.463333,0.825,0.961667,0.831667
31-9099.01,0.645,0.693333,0.44,0.925,0.95,0.753333
31-9099.02,0.463333,0.696667,0.468333,0.905,0.945,0.8
33-1011.00,0.443333,0.741667,0.925,0.68,0.865,1
33-1012.00,0.596667,0.8,1,0.845,0.895,0.945
33-1021.00,0.656667,0.835,1,0.948333,0.836667,1
33-1091.00,0.511667,0.758333,0.92,0.806667,0.841667,0.868333
33-2011.00,0.576667,0.805,0.82,0.97,0.815,1
33-2021.00,0.57,0.805,0.736667,0.766667,0.961667,0.855
33-2022.00,0.593333,0.815,0.88,0.813333,0.875,0.938333
33-3011.00,0.393333,0.628333,0.676667,0.671667,0.823333,0.88
33-3012.00,0.39,0.628333,0.693333,0.588333,0.86,1
33-3021.00,0.7,0.835,0.778333,0.68,0.945,1
33-3021.02,0.648333,0.691667,0.615,0.761667,1,0.911667
33-3021.06,0.763333,0.856667,0.63,0.671667,0.961667,0.778333
33-3031.00,0.611667,0.758333,0.791667,0.695,0.82,0.873333
33-3041.00,0.39,0.553333,0.491667,0.533333,0.836667,0.743333
33-3051.00,0.503333,0.776667,0.83,0.783333,0.86,1
33-3051.04,0.438333,0.785,0.773333,0.63,0.938333,0.925
33-3052.00,0.441667,0.711667,0.815,0.7,0.846667,0.988333
33-9011.00,0.515,0.648333,0.663333,0.795,0.833333,0.893333
33-9021.00,0.716667,0.835,0.618333,0.51,0.928333,0.855
33-9031.00,0.405,0.648333,0.488333,0.583333,0.945,0.831667
33-9032.00,0.385,0.618333,0.601667,0.71,0.798333,0.868333
33-9091.00,0.381667,0.533333,0.676667,0.838333,0.798333,0.758333
33-9092.00,0.435,0.633333,0.755,0.883333,0.793333,0.918333
33-9093.00,0.386667,0.621667,0.496667,0.755,0.961667,0.861667
33-9099.02,0.57,0.815,0.706667,0.583333,0.921667,0.85
35-1011.00,0.828333,0.825,0.93,0.813333,0.916667,0.855
35-1012.00,0.616667,0.736667,0.915,0.876667,0.828333,0.831667
35-2011.00,0.386667,0.59,0.381667,0.69,0.73,0.715
35-2012.00,0.49,0.645,0.638333,0.761667,0.846667,0.748333
35-2013.00,0.81,0.633333,0.615,0.771667,0.851667,0.73
35-2014.00,0.691667,0.708333,0.456667,0.771667,0.836667,0.758333
35-2015.00,0.486667,0.625,0.45,0.713333,0.766667,0.8
35-2021.00,0.428333,0.581667,0.413333,0.666667,0.806667,0.661667
35-3011.00,0.678333,0.618333,0.685,0.806667,0.773333,0.826667
35-3023.00,0.42,0.563333,0.446667,0.806667,0.71,0.706667
35-3023.01,0.555,0.618333,0.468333,0.845,0.773333,0.706667
35-3031.00,0.5,0.643333,0.516667,0.896667,0.755,0.778333
35-3041.00,0.45,0.585,0.44,0.838333,0.836667,0.711667
35-9011.00,0.441667,0.548333,0.406667,0.856667,0.716667,0.67
35-9021.00,0.401667,0.548333,0.386667,0.658333,0.723333,0.633333
35-9031.00,0.421667,0.603333,0.541667,0.918333,0.733333,0.711667
37-1011.00,0.585,0.716667,0.91,0.813333,0.833333,0.763333
37-1012.00,0.653333,0.781667,0.946667,0.813333,0.81,0.748333
37-2011.00,0.425,0.6,0.421667,0.641667,0.73,0.6
37-2012.00,0.45,0.568333,0.383333,0.695,0.79,0.573333
37-2021.00,0.496667,0.658333,0.535,0.653333,0.851667,0.698333
37-3011.00,0.531667,0.608333,0.45,0.63,0.716667,0.616667
37-3012.00,0.581667,0.671667,0.468333,0.581667,0.87,0.706667
37-3013.00,0.536667,0.686667,0.658333,0.705,0.748333,0.805
39-1013.00,0.441667,0.716667,0.905,0.813333,0.865,0.85
39-1022.00,0.608333,0.783333,0.93,0.87,0.791667,0.788333
39-2011.00,0.665,0.758333,0.65,0.806667,0.823333,0.763333
39-2021.00,0.483333,0.625,0.51,0.831667,0.823333,0.711667
39-3011.00,0.385,0.553333,0.421667,0.761667,0.895,0.8
39-3012.00,0.386667,0.536667,0.395,0.705,0.875,0.733333
39-3021.00,0.42,0.618333,0.406667,0.515,0.895,0.623333
39-3031.00,0.416667,0.543333,0.526667,0.905,0.71,0.661667
39-3091.00,0.341667,0.548333,0.563333,0.801667,0.726667,0.661667
39-3092.00,0.691667,0.665,0.535,0.85,0.906667,0.738333
39-3093.00,0.453333,0.536667,0.421667,0.783333,0.733333,0.58
39-4011.00,0.463333,0.651667,0.598333,0.745,0.961667,0.843333
39-4021.00,0.406667,0.593333,0.583333,0.905,0.846667,0.843333
39-4031.00,0.525,0.693333,0.801667,0.883333,0.945,0.873333
39-5011.00,0.661667,0.63,0.601667,0.813333,0.81,0.636667
39-5012.00,0.745,0.686667,0.595,0.845,0.841667,0.678333
39-5091.00,0.888333,0.785,0.638333,0.806667,0.95,0.743333
39-5092.00,0.611667,0.616667,0.436667,0.813333,0.87,0.626667
39-5093.00,0.453333,0.571667,0.401667,0.806667,0.71,0.571667
39-5094.00,0.653333,0.678333,0.52,0.825,0.87,0.685
39-6011.00,0.446667,0.603333,0.44,0.87,0.71,0.706667
39-6012.00,0.665,0.633333,0.523333,0.963333,0.783333,0.8
39-7011.00,0.67,0.628333,0.741667,0.89,0.748333,0.685
39-7012.00,0.708333,0.763333,0.801667,0.905,0.833333,0.831667
39-9011.00,0.6,0.603333,0.578333,0.97,0.781667,0.821667
39-9011.01,0.576667,0.59,0.626667,0.97,0.836667,0.826667
39-9031.00,0.713333,0.795,0.825,0.883333,0.716667,0.725
39-9032.00,0.735,0.645,0.825,0.905,0.713333,0.685
39-9041.00,0.636667,0.686667,0.865,0.918333,0.758333,0.831667
41-1011.00,0.645,0.835,0.905,0.87,0.828333,0.8
41-1012.00,0.673333,0.873333,0.993333,0.85,0.82,0.788333
41-2011.00,0.421667,0.553333,0.431667,0.82,0.82,0.661667
41-2012.00,0.393333,0.538333,0.41,0.71,0.95,0.715
41-2021.00,0.463333,0.603333,0.503333,0.825,0.801667,0.673333
41-2022.00,0.536667,0.7,0.626667,0.795,0.836667,0.67
41-2031.00,0.573333,0.763333,0.635,0.813333,0.748333,0.693333
41-3011.00,0.771667,0.891667,0.755,0.761667,0.723333,0.793333
41-3021.00,0.695,0.873333,0.715,0.771667,0.846667,0.763333
41-3031.00,0.708333,0.896667,0.755,0.645,0.945,0.911667
41-3041.00,0.628333,0.716667,0.635,0.838333,0.865,0.711667
41-4011.00,0.731667,0.885,0.755,0.755,0.836667,0.768333
41-4012.00,0.708333,0.885,0.741667,0.745,0.716667,0.768333
41-9011.00,0.608333,0.711667,0.63,0.82,0.723333,0.658333
41-9012.00,0.555,0.55,0.365,0.633333,0.631667,0.67
41-9021.00,0.713333,0.861667,0.865,0.806667,0.875,0.8
41-9022.00,0.665,0.891667,0.76,0.79,0.856667,0.805
41-9031.00,0.848333,0.873333,0.791667,0.806667,0.828333,0.8
41-9041.00,0.42,0.815,0.471667,0.645,0.708333,0.8
41-9091.00,0.636667,0.985,0.688333,0.641667,0.623333,0.748333
43-1011.00,0.645,0.805,0.92,0.876667,0.846667,0.788333
43-2011.00,0.42,0.545,0.39,0.845,0.81,0.738333
43-2021.00,0.381667,0.56,0.381667,0.87,0.828333,0.793333
43-3011.00,0.46,0.75,0.553333,0.581667,0.88,0.85
43-3021.00,0.438333,0.628333,0.418333,0.633333,0.956667,0.61
43-3031.00,0.428333,0.696667,0.41,0.591667,1,0.616667
43-3041.00,0.386667,0.581667,0.431667,0.68,0.961667,0.758333
43-3051.00,0.443333,0.641667,0.416667,0.658333,1,0.633333
43-3061.00,0.518333,0.696667,0.513333,0.695,0.895,0.64
43-3071.00,0.441667,0.661667,0.446667,0.82,1,0.711667
43-4011.00,0.463333,0.686667,0.443333,0.606667,0.945,0.62
43-4021.00,0.45,0.636667,0.44,0.761667,0.916667,0.661667
43-4031.00,0.441667,0.648333,0.443333,0.778333,0.945,0.72
43-4041.00,0.466667,0.716667,0.488333,0.663333,0.945,0.67
43-4051.00,0.443333,0.635,0.436667,0.89,0.81,0.8
43-4061.00,0.431667,0.645,0.51,0.795,0.938333,0.73
43-4071.00,0.443333,0.546667,0.393333,0.666667,0.921667,0.54
43-4081.00,0.476667,0.616667,0.531667,0.918333,0.836667,0.8
43-4111.00,0.456667,0.621667,0.578333,0.856667,0.865,0.67
43-4121.00,0.486667,0.603333,0.478333,0.845,0.901667,0.61
43-4131.00,0.428333,0.716667,0.503333,0.725,0.973333,0.67
43-4141.00,0.446667,0.665,0.556667,0.876667,0.906667,0.678333
43-4151.00,0.518333,0.618333,0.443333,0.778333,0.89,0.666667
43-4161.00,0.476667,0.618333,0.52,0.845,0.928333,0.655
43-4171.00,0.46,0.59,0.456667,0.911667,0.815,0.698333
43-4181.00,0.45,0.628333,0.485,0.883333,0.86,0.768333
43-5011.00,0.511667,0.693333,0.586667,0.73,0.895,0.715
43-5011.01,0.648333,0.776667,0.666667,0.771667,0.916667,0.768333
43-5021.00,0.46,0.551667,0.428333,0.69,0.806667,0.69
43-5031.00,0.386667,0.758333,0.626667,0.883333,0.961667,1
43-5032.00,0.47,0.69,0.718333,0.806667,0.856667,0.826667
43-5041.00,0.435,0.555,0.433333,0.613333,0.841667,0.63
43-5051.00,0.39,0.61,0.436667,0.761667,0.901667,0.69
43-5052.00,0.438333,0.63,0.446667,0.755,0.86,0.73
43-5053.00,0.435,0.59,0.41,0.61,0.901667,0.661667
43-5061.00,0.525,0.753333,0.676667,0.795,0.916667,0.685
43-5071.00,0.443333,0.64,0.468333,0.685,0.895,0.65
43-5111.00,0.381667,0.593333,0.433333,0.591667,0.933333,0.563333
43-6011.00,0.561667,0.753333,0.63,0.856667,0.938333,0.768333
43-6012.00,0.435,0.711667,0.416667,0.82,0.961667,0.748333
43-6013.00,0.493333,0.661667,0.436667,0.85,0.961667,0.753333
43-6014.00,0.525,0.628333,0.446667,0.845,0.89,0.658333
43-9021.00,0.381667,0.645,0.395,0.575,0.961667,0.581667
43-9022.00,0.443333,0.598333,0.398333,0.613333,0.961667,0.581667
43-9031.00,0.683333,0.655,0.436667,0.591667,0.961667,0.616667
43-9041.00,0.413333,0.625,0.413333,0.735,0.956667,0.678333
43-9051.00,0.41,0.551667,0.413333,0.636667,0.851667,0.606667
43-9061.00,0.466667,0.616667,0.431667,0.771667,0.856667,0.623333
43-9071.00,0.425,0.595,0.395,0.578333,0.875,0.576667
43-9081.00,0.421667,0.678333,0.386667,0.636667,1,0.61
43-9111.00,0.443333,0.72,0.425,0.578333,1,0.61
45-1011.00,0.48,0.763333,1,0.813333,0.81,0.738333
45-2011.00,0.446667,0.736667,0.701667,0.68,0.961667,0.715
45-2021.00,0.6,0.716667,0.553333,0.606667,0.865,0.685
45-2041.00,0.383333,0.545,0.393333,0.556667,0.866667,0.56
45-2091.00,0.521667,0.671667,0.478333,0.575,0.793333,0.706667
45-2092.00,0.466667,0.616667,0.538333,0.641667,0.761667,0.685
45-2093.00,0.483333,0.621667,0.523333,0.606667,0.761667,0.81
45-3031.00,0.518333,0.565,0.5,0.568333,0.66,0.585
45-4011.00,0.46,0.625,0.5,0.771667,0.716667,0.768333
45-4021.00,0.406667,0.658333,0.413333,0.475,0.781667,0.763333
45-4022.00,0.443333,0.671667,0.446667,0.55,0.773333,0.8
45-4023.00,0.425,0.613333,0.431667,0.53,0.911667,0.6
47-1011.00,0.64,0.82,1,0.845,0.836667,0.843333
47-2011.00,0.5,0.72,0.491667,0.676667,0.916667,0.73
47-2021.00,0.506667,0.69,0.46,0.598333,0.851667,0.666667
47-2022.00,0.515,0.725,0.45,0.585,0.86,0.67
47-2031.00,0.631667,0.705,0.545,0.621667,0.87,0.711667
47-2041.00,0.486667,0.645,0.433333,0.578333,0.846667,0.616667
47-2042.00,0.5,0.643333,0.443333,0.565,0.851667,0.588333
47-2043.00,0.47,0.625,0.401667,0.498333,0.851667,0.588333
47-2044.00,0.543333,0.693333,0.443333,0.568333,0.89,0.63
47-2051.00,0.466667,0.69,0.563333,0.621667,0.836667,0.725
47-2053.00,0.515,0.645,0.465,0.545,0.846667,0.596667
47-2061.00,0.483333,0.636667,0.463333,0.7,0.708333,0.743333
47-2071.00,0.435,0.64,0.478333,0.618333,0.7,0.706667
47-2072.00,0.416667,0.616667,0.436667,0.515,0.758333,0.743333
47-2073.00,0.48,0.7,0.535,0.671667,0.745,0.8
47-2081.00,0.486667,0.6,0.416667,0.595,0.81,0.646667
47-2082.00,0.416667,0.64,0.383333,0.538333,0.875,0.581667
47-2111.00,0.636667,0.725,0.638333,0.666667,0.916667,0.73
47-2121.00,0.515,0.668333,0.463333,0.618333,0.856667,0.711667
47-2131.00,0.456667,0.63,0.443333,0.621667,0.82,0.661667
47-2132.00,0.49,0.633333,0.446667,0.61,0.828333,0.62
47-2141.00,0.546667,0.648333,0.446667,0.603333,0.815,0.646667
47-2142.00,0.46,0.63,0.443333,0.545,0.875,0.568333
47-2151.00,0.435,0.648333,0.538333,0.676667,0.81,0.666667
47-2152.00,0.57,0.69,0.56,0.636667,0.865,0.73
47-2161.00,0.531667,0.665,0.475,0.621667,0.81,0.64
47-2171.00,0.425,0.64,0.436667,0.613333,0.841667,0.711667
47-2181.00,0.473333,0.643333,0.545,0.603333,0.81,0.763333
47-2211.00,0.628333,0.716667,0.568333,0.621667,0.846667,0.693333
47-2221.00,0.453333,0.708333,0.556667,0.663333,0.851667,0.81
47-2231.00,0.625,0.728333,0.553333,0.705,0.906667,0.715
47-3011.00,0.46,0.595,0.383333,0.755,0.778333,0.655
47-3012.00,0.441667,0.598333,0.406667,0.74,0.785,0.61
47-3013.00,0.453333,0.595,0.421667,0.761667,0.81,0.655
47-3014.00,0.438333,0.553333,0.375,0.761667,0.73,0.591667
47-3015.00,0.466667,0.605,0.395,0.783333,0.81,0.67
47-3016.00,0.42,0.576667,0.425,0.71,0.761667,0.693333
47-4011.00,0.446667,0.776667,0.796667,0.71,0.95,0.748333
47-4021.00,0.506667,0.708333,0.478333,0.666667,0.956667,0.773333
47-4031.00,0.483333,0.63,0.496667,0.613333,0.785,0.596667
47-4041.00,0.416667,0.643333,0.436667,0.691667,0.95,0.873333
47-4051.00,0.438333,0.61,0.481667,0.7,0.748333,0.73
47-4061.00,0.438333,0.633333,0.44,0.671667,0.865,0.725
47-4071.00,0.453333,0.608333,0.471667,0.625,0.785,0.743333
47-4091.00,0.525,0.665,0.475,0.618333,0.833333,0.636667
47-5011.00,0.42,0.708333,0.706667,0.685,0.846667,0.831667
47-5012.00,0.47,0.745,0.815,0.74,0.865,0.861667
47-5013.00,0.45,0.7,0.553333,0.653333,0.851667,0.843333
47-5022.00,0.425,0.633333,0.456667,0.561667,0.761667,0.72
47-5023.00,0.496667,0.668333,0.481667,0.585,0.841667,0.753333
47-5032.00,0.425,0.693333,0.563333,0.65,1,1
47-5041.00,0.386667,0.658333,0.456667,0.591667,0.851667,0.843333
47-5043.00,0.381667,0.636667,0.44,0.471667,0.87,0.85
47-5044.00,0.405,0.608333,0.428333,0.61,0.81,0.85
47-5051.00,0.401667,0.608333,0.413333,0.471667,0.751667,0.661667
47-5071.00,0.398333,0.628333,0.481667,0.633333,0.806667,0.763333
47-5081.00,0.413333,0.595,0.425,0.685,0.785,0.733333
49-1011.00,0.661667,0.815,0.94,0.845,0.865,0.8
49-2011.00,0.616667,0.708333,0.478333,0.676667,0.916667,0.698333
49-2021.00,0.596667,0.716667,0.478333,0.645,0.895,0.725
49-2022.00,0.62,0.711667,0.516667,0.771667,0.921667,0.73
49-2091.00,0.645,0.79,0.503333,0.68,1,0.758333
49-2092.00,0.565,0.678333,0.468333,0.591667,0.901667,0.666667
49-2093.00,0.576667,0.705,0.496667,0.618333,0.933333,0.738333
49-2094.00,0.686667,0.763333,0.531667,0.666667,0.95,0.725
49-2095.00,0.62,0.745,0.491667,0.625,0.95,0.773333
49-2096.00,0.625,0.696667,0.481667,0.625,0.906667,0.67
49-2097.00,0.605,0.693333,0.503333,0.676667,0.895,0.661667
49-2098.00,0.57,0.716667,0.531667,0.666667,0.945,0.72
49-3011.00,0.593333,0.79,0.488333,0.671667,1,0.826667
49-3021.00,0.555,0.693333,0.436667,0.603333,0.906667,0.706667
49-3022.00,0.506667,0.633333,0.446667,0.516667,0.895,0.678333
49-3023.00,0.636667,0.711667,0.513333,0.645,0.916667,0.733333
49-3031.00,0.64,0.686667,0.488333,0.618333,0.906667,0.711667
49-3041.00,0.625,0.705,0.5,0.621667,0.895,0.698333
49-3042.00,0.625,0.72,0.506667,0.591667,0.916667,0.733333
49-3043.00,0.561667,0.693333,0.463333,0.613333,0.901667,0.711667
49-3051.00,0.573333,0.693333,0.453333,0.556667,0.895,0.706667
49-3052.00,0.611667,0.681667,0.468333,0.621667,0.911667,0.711667
49-3053.00,0.581667,0.686667,0.463333,0.606667,0.895,0.655
49-3091.00,0.561667,0.675,0.485,0.71,0.875,0.61
49-3092.00,0.608333,0.696667,0.503333,0.666667,0.906667,0.715
49-3093.00,0.416667,0.593333,0.428333,0.618333,0.81,0.681667
49-9011.00,0.55,0.675,0.496667,0.618333,0.841667,0.661667
49-9012.00,0.493333,0.681667,0.465,0.61,0.911667,0.703333
49-9021.00,0.555,0.693333,0.563333,0.68,0.916667,0.748333
49-9031.00,0.581667,0.69,0.531667,0.68,0.885,0.685
49-9041.00,0.64,0.7,0.491667,0.618333,0.928333,0.725
49-9043.00,0.466667,0.636667,0.433333,0.653333,0.865,0.698333
49-9044.00,0.565,0.708333,0.56,0.641667,0.911667,0.711667
49-9045.00,0.46,0.661667,0.425,0.553333,0.82,0.706667
49-9051.00,0.446667,0.7,0.578333,0.725,0.901667,0.893333
49-9052.00,0.521667,0.651667,0.485,0.671667,0.856667,0.733333
49-9061.00,0.656667,0.741667,0.44,0.515,0.961667,0.633333
49-9062.00,0.705,0.785,0.506667,0.718333,0.968333,0.738333
49-9063.00,0.691667,0.72,0.443333,0.588333,0.938333,0.603333
49-9064.00,0.561667,0.711667,0.413333,0.535,1,0.606667
49-9071.00,0.686667,0.686667,0.541667,0.663333,0.875,0.715
49-9081.00,0.686667,0.771667,0.52,0.658333,0.906667,0.805
49-9091.00,0.5,0.613333,0.44,0.595,0.846667,0.65
49-9092.00,0.585,0.79,0.666667,0.74,0.95,0.945
49-9094.00,0.6,0.658333,0.44,0.585,0.938333,0.666667
49-9095.00,0.503333,0.63,0.5,0.653333,0.828333,0.67
49-9096.00,0.466667,0.686667,0.663333,0.716667,0.875,0.815
49-9097.00,0.466667,0.705,0.443333,0.613333,0.906667,0.73
49-9098.00,0.503333,0.613333,0.406667,0.825,0.81,0.666667
51-1011.00,0.705,0.83,0.961667,0.806667,0.856667,0.8
51-2011.00,0.473333,0.72,0.436667,0.633333,0.961667,0.706667
51-2021.00,0.378333,0.57,0.403333,0.53,0.916667,0.573333
51-2022.00,0.483333,0.693333,0.453333,0.633333,0.945,0.646667
51-2023.00,0.443333,0.681667,0.403333,0.606667,0.933333,0.63
51-2031.00,0.463333,0.696667,0.418333,0.613333,0.916667,0.673333
51-2041.00,0.521667,0.678333,0.45,0.618333,0.911667,0.681667
51-2051.00,0.405,0.605,0.421667,0.545,0.851667,0.646667
51-2061.00,0.443333,0.711667,0.39,0.5,1,0.588333
51-2092.00,0.511667,0.671667,0.706667,0.845,0.836667,0.693333
51-3011.00,0.636667,0.686667,0.456667,0.621667,0.933333,0.666667
51-3021.00,0.528333,0.636667,0.488333,0.618333,0.851667,0.69
51-3022.00,0.393333,0.55,0.406667,0.52,0.833333,0.666667
51-3023.00,0.413333,0.576667,0.421667,0.581667,0.801667,0.738333
51-3091.00,0.405,0.616667,0.418333,0.561667,0.86,0.658333
51-3092.00,0.453333,0.661667,0.556667,0.625,0.901667,0.681667
51-3093.00,0.421667,0.595,0.41,0.575,0.836667,0.693333
51-4021.00,0.45,0.661667,0.428333,0.553333,0.901667,0.655
51-4022.00,0.46,0.69,0.44,0.565,0.89,0.706667
51-4023.00,0.443333,0.69,0.541667,0.578333,0.89,0.658333
51-4031.00,0.42,0.616667,0.406667,0.545,0.906667,0.658333
51-4032.00,0.446667,0.681667,0.431667,0.565,0.921667,0.65
51-4033.00,0.438333,0.675,0.433333,0.521667,0.928333,0.643333
51-4034.00,0.463333,0.681667,0.425,0.553333,0.921667,0.643333
51-4035.00,0.463333,0.686667,0.406667,0.553333,0.945,0.64
51-4041.00,0.683333,0.785,0.436667,0.61,0.98,0.678333
51-4051.00,0.393333,0.668333,0.46,0.578333,0.86,0.768333
51-4052.00,0.381667,0.628333,0.395,0.591667,0.81,0.743333
51-4061.00,0.631667,0.766667,0.443333,0.558333,0.945,0.658333
51-4062.00,0.573333,0.716667,0.41,0.541667,0.945,0.613333
51-4071.00,0.401667,0.571667,0.436667,0.553333,0.865,0.658333
51-4072.00,0.425,0.651667,0.41,0.568333,0.895,0.673333
51-4081.00,0.515,0.696667,0.468333,0.591667,0.928333,0.661667
51-4111.00,0.713333,0.79,0.465,0.558333,1,0.666667
51-4121.00,0.555,0.661667,0.44,0.558333,0.88,0.703333
51-4122.00,0.558333,0.661667,0.45,0.575,0.89,0.67
51-4191.00,0.435,0.636667,0.446667,0.571667,0.86,0.681667
51-4192.00,0.588333,0.725,0.443333,0.585,0.945,0.64
51-4193.00,0.435,0.63,0.436667,0.53,0.87,0.666667
51-4194.00,0.47,0.686667,0.431667,0.5,0.945,0.643333
51-5111.00,0.546667,0.616667,0.386667,0.621667,1,0.536667
51-5112.00,0.46,0.686667,0.433333,0.588333,0.945,0.67
51-5113.00,0.416667,0.618333,0.446667,0.585,0.961667,0.591667
51-6011.00,0.421667,0.546667,0.386667,0.603333,0.785,0.576667
51-6021.00,0.386667,0.553333,0.381667,0.498333,0.856667,0.586667
51-6031.00,0.425,0.576667,0.403333,0.578333,0.89,0.593333
51-6041.00,0.625,0.661667,0.436667,0.52,0.886667,0.566667
51-6042.00,0.428333,0.593333,0.398333,0.545,0.89,0.568333
51-6051.00,0.486667,0.61,0.395,0.52,0.945,0.555
51-6052.00,0.686667,0.678333,0.433333,0.633333,0.938333,0.588333
51-6061.00,0.416667,0.603333,0.425,0.575,0.851667,0.65
51-6062.00,0.428333,0.616667,0.431667,0.575,0.778333,0.646667
51-6063.00,0.431667,0.595,0.428333,0.575,0.856667,0.633333
51-6064.00,0.45,0.583333,0.413333,0.578333,0.836667,0.576667
51-6091.00,0.401667,0.61,0.481667,0.585,0.836667,0.655
51-6092.00,0.745,0.716667,0.443333,0.633333,0.961667,0.573333
51-6093.00,0.611667,0.633333,0.398333,0.506667,0.87,0.568333
51-7011.00,0.636667,0.711667,0.44,0.521667,0.928333,0.603333
51-7021.00,0.653333,0.658333,0.446667,0.528333,0.916667,0.591667
51-7031.00,0.691667,0.72,0.446667,0.568333,0.945,0.573333
51-7032.00,0.631667,0.72,0.446667,0.521667,0.945,0.573333
51-7041.00,0.416667,0.616667,0.443333,0.546667,0.89,0.693333
51-7042.00,0.456667,0.645,0.425,0.558333,0.921667,0.636667
51-8011.00,0.431667,0.868333,0.531667,0.766667,1,0.945
51-8012.00,0.486667,0.763333,0.768333,0.778333,0.921667,0.925
51-8013.00,0.438333,0.736667,0.488333,0.685,0.945,0.873333
51-8021.00,0.46,0.696667,0.52,0.618333,0.928333,0.778333
51-8031.00,0.503333,0.705,0.658333,0.735,0.938333,0.768333
51-8091.00,0.46,0.771667,0.485,0.671667,0.928333,0.861667
51-8092.00,0.431667,0.693333,0.516667,0.695,0.928333,0.826667
51-8093.00,0.405,0.711667,0.531667,0.666667,0.906667,0.81
51-9011.00,0.438333,0.708333,0.481667,0.658333,0.945,0.838333
51-9012.00,0.45,0.636667,0.443333,0.571667,0.895,0.661667
51-9021.00,0.413333,0.603333,0.416667,0.55,0.836667,0.678333
51-9022.00,0.41,0.621667,0.403333,0.516667,0.901667,0.58
51-9023.00,0.393333,0.61,0.41,0.575,0.911667,0.661667
51-9031.00,0.431667,0.593333,0.386667,0.505,0.901667,0.591667
51-9032.00,0.421667,0.57,0.416667,0.545,0.89,0.61
51-9041.00,0.46,0.628333,0.406667,0.565,0.865,0.655
51-9051.00,0.405,0.658333,0.45,0.588333,0.865,0.678333
51-9061.00,0.428333,0.681667,0.463333,0.618333,1,0.661667
51-9071.00,0.8,0.785,0.475,0.541667,1,0.633333
51-9071.06,0.561667,0.795,0.446667,0.585,1,0.646667
51-9081.00,0.67,0.763333,0.471667,0.621667,1,0.658333
51-9082.00,0.713333,0.733333,0.51,0.718333,0.961667,0.69
51-9083.00,0.446667,0.648333,0.421667,0.606667,1,0.588333
51-9111.00,0.405,0.59,0.41,0.581667,0.856667,0.65
51-9123.00,0.628333,0.616667,0.425,0.515,0.851667,0.573333
51-9124.00,0.496667,0.633333,0.433333,0.553333,0.86,0.643333
51-9141.00,0.341667,0.711667,0.416667,0.613333,0.961667,0.666667
51-9151.00,0.47,0.618333,0.436667,0.588333,0.928333,0.593333
51-9161.00,0.55,0.708333,0.433333,0.568333,0.928333,0.673333
51-9162.00,0.705,0.795,0.446667,0.598333,0.961667,0.678333
51-9191.00,0.416667,0.625,0.416667,0.571667,0.86,0.636667
51-9192.00,0.405,0.581667,0.421667,0.47,0.823333,0.613333
51-9193.00,0.405,0.621667,0.453333,0.575,0.865,0.67
51-9194.00,0.588333,0.686667,0.418333,0.496667,0.961667,0.568333
51-9195.00,0.466667,0.608333,0.425,0.51,0.82,0.566667
51-9195.03,0.515,0.675,0.413333,0.496667,0.945,0.6
51-9195.04,0.576667,0.648333,0.425,0.525,0.88,0.65
51-9195.05,0.735,0.671667,0.446667,0.545,0.865,0.58
51-9196.00,0.476667,0.661667,0.44,0.578333,0.865,0.658333
51-9197.00,0.438333,0.575,0.431667,0.52,0.82,0.61
51-9198.00,0.395,0.558333,0.416667,0.73,0.698333,0.566667
53-1041.00,0.521667,0.776667,0.905,0.82,0.933333,0.868333
53-1042.00,0.596667,0.733333,0.993333,0.87,0.833333,0.793333
53-1043.00,0.593333,0.781667,0.92,0.801667,0.833333,0.8
53-2011.00,0.428333,0.856667,0.89,0.82,1,0.988333
53-2012.00,0.531667,0.825,0.875,0.73,0.956667,0.945
53-2021.00,0.386667,0.851667,0.755,0.825,1,1
53-2022.00,0.48,0.8,0.83,0.883333,0.945,0.925
53-2031.00,0.446667,0.64,0.671667,0.94,0.938333,0.925
53-3011.00,0.421667,0.645,0.516667,0.856667,0.828333,0.925
53-3031.00,0.483333,0.725,0.56,0.71,0.755,0.706667
53-3032.00,0.45,0.658333,0.453333,0.618333,0.851667,0.773333
53-3033.00,0.443333,0.633333,0.446667,0.625,0.806667,0.711667
53-3051.00,0.398333,0.621667,0.51,0.831667,0.841667,0.805
53-3052.00,0.401667,0.643333,0.496667,0.845,0.81,0.81
53-3053.00,0.441667,0.613333,0.446667,0.831667,0.77,0.711667
53-4011.00,0.393333,0.696667,0.488333,0.653333,0.928333,0.88
53-4013.00,0.398333,0.628333,0.471667,0.74,0.88,0.793333
53-4022.00,0.393333,0.616667,0.465,0.771667,0.89,0.81
53-4031.00,0.42,0.708333,0.875,0.806667,0.895,0.868333
53-4041.00,0.398333,0.618333,0.475,0.671667,0.865,0.855
53-5011.00,0.428333,0.625,0.5,0.783333,0.836667,0.831667
53-5021.00,0.585,0.81,1,0.806667,0.933333,0.925
53-5022.00,0.446667,0.665,0.746667,0.755,0.81,0.788333
53-5031.00,0.616667,0.815,0.85,0.771667,0.945,0.868333
53-6011.00,0.398333,0.595,0.583333,0.69,0.865,0.678333
53-6021.00,0.41,0.546667,0.468333,0.783333,0.74,0.65
53-6031.00,0.443333,0.59,0.45,0.73,0.785,0.64
53-6041.00,0.54,0.675,0.485,0.666667,0.87,0.703333
53-6051.00,0.443333,0.705,0.71,0.73,0.938333,0.753333
53-6051.01,0.441667,0.825,0.666667,0.71,1,0.861667
53-6051.07,0.443333,0.711667,0.553333,0.63,0.916667,0.73
53-6061.00,0.443333,0.603333,0.516667,0.918333,0.761667,0.73
53-7011.00,0.425,0.583333,0.413333,0.585,0.81,0.666667
53-7021.00,0.386667,0.633333,0.485,0.598333,0.885,0.768333
53-7031.00,0.425,0.613333,0.526667,0.588333,0.761667,0.715
53-7041.00,0.385,0.555,0.428333,0.606667,0.82,0.693333
53-7051.00,0.431667,0.61,0.45,0.603333,0.781667,0.67
53-7061.00,0.431667,0.576667,0.398333,0.553333,0.793333,0.558333
53-7062.00,0.438333,0.568333,0.431667,0.63,0.71,0.623333
53-7063.00,0.381667,0.57,0.381667,0.575,0.801667,0.591667
53-7064.00,0.386667,0.55,0.401667,0.585,0.851667,0.585
53-7065.00,0.456667,0.618333,0.471667,0.725,0.82,0.626667
53-7071.00,0.438333,0.686667,0.526667,0.641667,0.895,0.8
53-7072.00,0.39,0.686667,0.485,0.636667,0.891667,0.715
53-7073.00,0.46,0.693333,0.503333,0.606667,0.79,0.748333
53-7081.00,0.435,0.563333,0.431667,0.618333,0.678333,0.67
53-7121.00,0.406667,0.61,0.456667,0.613333,0.885,0.725
