onetsoc_code,2.A.1.a,2.A.1.b,2.A.1.c,2.A.1.d,2.A.1.e,2.A.1.f,2.A.2.a,2.A.2.b,2.A.2.c,2.A.2.d
11-1011.00,0.78,0.75,0.78,0.8125,0.5625,0.155,0.845,0.6875,0.53,0.75
11-1021.00,0.75,0.75,0.625,0.75,0.405,0.125,0.72,0.655,0.5,0.75
11-2011.00,0.6875,0.78,0.6875,0.75,0.5,0.155,0.75,0.5625,0.5,0.5625
11-2021.00,0.72,0.72,0.5625,0.72,0.4375,0.1875,0.72,0.72,0.53,0.6875
11-2022.00,0.72,0.75,0.655,0.75,0.5,0.155,0.72,0.6875,0.53,0.72
11-2033.00,0.72,0.75,0.72,0.78,0.5,0.0625,0.78,0.595,0.405,0.53
11-3012.00,0.75,0.75,0.6875,0.72,0.3125,0,0.6875,0.53,0.5,0.595
11-3013.00,0.6875,0.6875,0.5625,0.72,0.4375,0.125,0.6875,0.53,0.5,0.6875
11-3013.01,0.78,0.78,0.6875,0.75,0.375,0.095,0.8125,0.655,0.595,0.75
11-3021.00,0.75,0.75,0.6875,0.72,0.53,0.1875,0.78,0.595,0.5625,0.72
11-3031.00,0.75,0.75,0.6875,0.75,0.625,0.0625,0.75,0.625,0.5,0.6875
11-3031.01,0.78,0.72,0.655,0.75,0.6875,0.0625,0.78,0.655,0.5,0.72
11-3031.03,0.75,0.75,0.655,0.72,0.595,0,0.75,0.6875,0.47,0.625
11-3051.00,0.72,0.72,0.595,0.75,0.595,0.155,0.75,0.655,0.6875,0.75
11-3051.01,0.75,0.72,0.72,0.72,0.53,0.3125,0.6875,0.655,0.53,0.72
11-3061.00,0.72,0.75,0.72,0.75,0.53,0,0.6875,0.5625,0.5,0.72
11-3071.00,0.72,0.72,0.655,0.655,0.4375,0,0.655,0.655,0.595,0.6875
11-3071.04,0.75,0.75,0.72,0.75,0.5,0.03,0.72,0.6875,0.5,0.75
11-3111.00,0.75,0.75,0.75,0.75,0.5,0,0.72,0.6875,0.5,0.595
11-3121.00,0.8125,0.845,0.78,0.8125,0.5,0.125,0.75,0.75,0.6875,0.75
11-3131.00,0.75,0.75,0.72,0.75,0.47,0.125,0.6875,0.6875,0.8125,0.72
11-9013.00,0.6875,0.72,0.5625,0.655,0.47,0.405,0.72,0.595,0.47,0.595
11-9021.00,0.72,0.75,0.6875,0.72,0.625,0.28,0.75,0.72,0.53,0.72
11-9031.00,0.75,0.75,0.6875,0.75,0.47,0.125,0.75,0.625,0.655,0.75
11-9032.00,0.875,0.9375,0.875,0.97,0.5,0.22,0.875,0.75,0.905,0.8125
11-9033.00,0.78,0.75,0.75,0.75,0.47,0.125,0.78,0.72,0.6875,0.75
11-9041.00,0.78,0.75,0.75,0.75,0.72,0.405,0.72,0.72,0.5625,0.6875
11-9051.00,0.6875,0.72,0.5,0.72,0.47,0.155,0.655,0.53,0.53,0.72
11-9071.00,0.625,0.6875,0.655,0.72,0.53,0.155,0.75,0.625,0.5625,0.72
11-9072.00,0.6875,0.72,0.655,0.72,0.345,0.0625,0.6875,0.595,0.53,0.625
11-9081.00,0.72,0.78,0.72,0.75,0.405,0,0.6875,0.6875,0.595,0.6875
11-9111.00,0.75,0.75,0.75,0.78,0.4375,0.375,0.78,0.72,0.5625,0.75
11-9121.00,0.75,0.75,0.72,0.72,0.53,0.78,0.75,0.625,0.625,0.75
11-9121.01,0.75,0.75,0.75,0.72,0.47,0.5,0.6875,0.595,0.53,0.655
11-9131.00,0.75,0.75,0.5625,0.75,0.4375,0.125,0.6875,0.5625,0.595,0.6875
11-9141.00,0.72,0.6875,0.655,0.75,0.5,0.095,0.625,0.5,0.4375,0.53
11-9151.00,0.6875,0.72,0.6875,0.6875,0.405,0.3125,0.72,0.72,0.655,0.72
11-9161.00,0.75,0.75,0.75,0.78,0.5,0.22,0.75,0.6875,0.72,0.75
11-9171.00,0.655,0.72,0.53,0.625,0.405,0.125,0.625,0.47,0.47,0.595
11-9179.01,0.655,0.6875,0.625,0.72,0.28,0.1875,0.655,0.595,0.595,0.595
11-9179.02,0.595,0.6875,0.53,0.75,0.4375,0.03,0.72,0.625,0.595,0.75
11-9199.01,0.78,0.75,0.8125,0.75,0.345,0.345,0.72,0.625,0.5,0.655
11-9199.08,0.75,0.75,0.6875,0.75,0.4375,0,0.72,0.6875,0.5625,0.72
13-1011.00,0.75,0.75,0.655,0.75,0.28,0.155,0.6875,0.625,0.405,0.47
13-1021.00,0.595,0.6875,0.53,0.72,0.5,0.155,0.72,0.53,0.375,0.53
13-1022.00,0.5625,0.6875,0.5,0.6875,0.53,0.1875,0.6875,0.595,0.47,0.53
13-1023.00,0.78,0.75,0.75,0.75,0.5,0.03,0.72,0.72,0.5,0.6875
13-1031.00,0.78,0.75,0.655,0.72,0.47,0.095,0.75,0.5625,0.375,0.595
13-1032.00,0.625,0.625,0.6875,0.6875,0.405,0.03,0.595,0.47,0.28,0.375
13-1041.00,0.75,0.6875,0.6875,0.72,0.28,0,0.625,0.5,0.47,0.595
13-1041.04,0.75,0.78,0.75,0.75,0.47,0.22,0.75,0.625,0.5,0.595
13-1041.06,0.75,0.72,0.655,0.78,0.405,0.5625,0.78,0.595,0.53,0.5625
13-1041.07,0.72,0.75,0.75,0.75,0.375,0.22,0.72,0.5625,0.5,0.5625
13-1041.08,0.72,0.75,0.6875,0.6875,0.5,0,0.6875,0.5625,0.53,0.5625
13-1051.00,0.75,0.6875,0.625,0.72,0.75,0.095,0.6875,0.5625,0.47,0.5
13-1071.00,0.75,0.75,0.72,0.78,0.25,0.03,0.72,0.5625,0.5,0.5
13-1074.00,0.4375,0.595,0.4375,0.625,0.28,0.0625,0.5,0.345,0.3125,0.4375
13-1075.00,0.75,0.845,0.75,0.8125,0.345,0,0.75,0.625,0.5,0.595
13-1081.00,0.72,0.72,0.595,0.72,0.5,0.1875,0.75,0.625,0.5,0.72
13-1081.01,0.75,0.75,0.78,0.72,0.75,0.405,0.72,0.75,0.53,0.595
13-1081.02,0.75,0.72,0.595,0.6875,0.5,0.1875,0.75,0.53,0.4375,0.6875
13-1111.00,0.78,0.78,0.75,0.75,0.5,0.22,0.78,0.5625,0.5,0.72
13-1121.00,0.75,0.75,0.625,0.75,0.375,0.0625,0.72,0.595,0.345,0.625
13-1131.00,0.75,0.75,0.75,0.78,0.5,0.095,0.72,0.5625,0.47,0.53
13-1141.00,0.72,0.72,0.595,0.72,0.53,0.22,0.6875,0.595,0.47,0.53
13-1151.00,0.72,0.75,0.72,0.845,0.345,0.155,0.72,0.72,0.78,0.72
13-1161.00,0.75,0.72,0.75,0.72,0.5625,0.3125,0.75,0.625,0.5,0.5625
13-1161.01,0.72,0.6875,0.625,0.655,0.4375,0.0625,0.6875,0.6875,0.47,0.595
13-1199.04,0.75,0.78,0.75,0.75,0.47,0,0.78,0.75,0.5625,0.655
13-1199.06,0.655,0.625,0.595,0.625,0.5,0.0625,0.625,0.47,0.345,0.53
13-1199.07,0.72,0.78,0.655,0.75,0.375,0.125,0.75,0.5625,0.5,0.655
13-2011.00,0.72,0.6875,0.625,0.6875,0.5625,0.0625,0.6875,0.53,0.4375,0.595
13-2022.00,0.72,0.595,0.625,0.595,0.47,0.095,0.655,0.53,0.375,0.47
13-2023.00,0.655,0.625,0.595,0.595,0.405,0.03,0.625,0.4375,0.345,0.47
13-2031.00,0.6875,0.6875,0.53,0.6875,0.72,0.0625,0.72,0.5625,0.375,0.53
13-2041.00,0.655,0.625,0.53,0.655,0.595,0.095,0.72,0.655,0.345,0.5
13-2052.00,0.78,0.78,0.72,0.75,0.655,0.095,0.6875,0.5625,0.5,0.53
13-2053.00,0.6875,0.6875,0.6875,0.655,0.47,0.095,0.6875,0.53,0.4375,0.5
13-2061.00,0.78,0.75,0.75,0.75,0.655,0.0625,0.78,0.655,0.595,0.72
13-2071.00,0.72,0.72,0.6875,0.75,0.53,0,0.6875,0.655,0.53,0.5
13-2072.00,0.72,0.75,0.595,0.75,0.5625,0,0.6875,0.53,0.4375,0.47
13-2081.00,0.75,0.75,0.5625,0.75,0.5625,0,0.72,0.5625,0.47,0.5625
13-2082.00,0.75,0.72,0.5,0.53,0.5,0,0.625,0.53,0.4375,0.5
13-2099.01,0.75,0.6875,0.625,0.6875,0.845,0.22,0.78,0.6875,0.5,0.5
13-2099.04,0.75,0.78,0.78,0.75,0.5,0,0.75,0.6875,0.47,0.53
15-1211.00,0.72,0.6875,0.595,0.75,0.5,0.3125,0.6875,0.655,0.53,0.595
15-1211.01,0.845,0.75,0.75,0.75,0.5,0.28,0.75,0.6875,0.6875,0.655
15-1212.00,0.75,0.6875,0.625,0.655,0.3125,0.22,0.72,0.5625,0.47,0.595
15-1221.00,0.6875,0.6875,0.595,0.625,0.595,0.53,0.75,0.625,0.5,0.53
15-1231.00,0.595,0.625,0.5,0.5625,0.28,0.22,0.6875,0.5625,0.405,0.5625
15-1232.00,0.75,0.75,0.625,0.75,0.3125,0.1875,0.6875,0.53,0.53,0.53
15-1241.00,0.75,0.6875,0.655,0.625,0.5,0.28,0.78,0.5625,0.5,0.53
15-1241.01,0.655,0.655,0.5625,0.5625,0.5,0.22,0.655,0.595,0.47,0.53
15-1242.00,0.6875,0.6875,0.5625,0.595,0.5,0.25,0.72,0.625,0.5,0.5625
15-1243.00,0.72,0.625,0.53,0.625,0.5,0.22,0.72,0.5625,0.47,0.53
15-1243.01,0.72,0.625,0.5625,0.595,0.5,0.22,0.72,0.5,0.405,0.47
15-1244.00,0.72,0.6875,0.53,0.595,0.5,0.3125,0.72,0.53,0.4375,0.6875
15-1251.00,0.595,0.6875,0.5625,0.53,0.53,0.4375,0.6875,0.53,0.345,0.5
15-1252.00,0.625,0.595,0.5625,0.53,0.4375,0.28,0.72,0.625,0.405,0.5
15-1253.00,0.75,0.72,0.6875,0.72,0.4375,0.4375,0.72,0.53,0.47,0.655
15-1254.00,0.655,0.625,0.53,0.5625,0.4375,0.25,0.6875,0.625,0.47,0.5
15-1255.01,0.6875,0.72,0.5625,0.53,0.47,0.095,0.6875,0.625,0.47,0.53
15-1299.01,0.72,0.6875,0.5625,0.5625,0.28,0.28,0.75,0.53,0.5,0.595
15-1299.02,0.72,0.625,0.53,0.625,0.5,0.28,0.655,0.5,0.405,0.5
15-1299.03,0.72,0.6875,0.6875,0.53,0.3125,0.0625,0.6875,0.5625,0.5,0.655
15-1299.05,0.78,0.72,0.655,0.625,0.345,0.1875,0.75,0.5625,0.47,0.655
15-1299.08,0.75,0.75,0.72,0.72,0.5,0.5,0.75,0.655,0.5,0.625
15-1299.09,0.75,0.75,0.75,0.72,0.47,0.28,0.78,0.595,0.5,0.655
15-2011.00,0.8125,0.75,0.625,0.72,0.8125,0.25,0.8125,0.5625,0.47,0.53
15-2021.00,0.75,0.595,0.655,0.5625,1,0.655,0.78,0.75,0.5625,0.5
15-2031.00,0.75,0.75,0.75,0.75,0.875,0.5625,0.75,0.72,0.5,0.47
15-2041.00,0.75,0.72,0.6875,0.72,0.97,0.625,0.75,0.6875,0.53,0.5
15-2041.01,0.75,0.72,0.72,0.75,0.905,0.75,0.75,0.75,0.595,0.5
15-2051.01,0.75,0.72,0.6875,0.72,0.625,0.155,0.72,0.72,0.5,0.53
15-2051.02,0.72,0.72,0.6875,0.72,0.625,0.345,0.75,0.655,0.47,0.655
15-2099.01,0.6875,0.625,0.625,0.595,0.595,0.53,0.625,0.625,0.4375,0.5625
17-1011.00,0.75,0.72,0.72,0.75,0.625,0.47,0.75,0.655,0.5625,0.6875
17-1012.00,0.78,0.78,0.655,0.78,0.53,0.4375,0.72,0.625,0.47,0.53
17-1021.00,0.75,0.595,0.625,0.53,0.47,0.22,0.625,0.5625,0.47,0.53
17-1022.00,0.72,0.625,0.6875,0.655,0.75,0.405,0.6875,0.5625,0.53,0.5
17-1022.01,0.75,0.72,0.655,0.595,0.78,0.53,0.72,0.595,0.5,0.595
17-2011.00,0.75,0.72,0.72,0.72,0.72,0.75,0.78,0.655,0.595,0.6875
17-2021.00,0.75,0.75,0.75,0.75,0.6875,0.595,0.72,0.5625,0.47,0.5625
17-2031.00,0.75,0.75,0.75,0.75,0.72,0.72,0.72,0.6875,0.5625,0.6875
17-2041.00,0.75,0.5625,0.53,0.625,0.6875,0.78,0.78,0.72,0.47,0.53
17-2051.00,0.72,0.75,0.5625,0.72,0.72,0.6875,0.72,0.5625,0.47,0.5625
17-2051.01,0.75,0.6875,0.75,0.75,0.72,0.5,0.75,0.5625,0.53,0.5625
17-2061.00,0.75,0.72,0.72,0.72,0.5625,0.47,0.75,0.6875,0.47,0.53
17-2071.00,0.75,0.72,0.78,0.72,0.595,0.5,0.75,0.72,0.5,0.625
17-2072.00,0.75,0.6875,0.625,0.72,0.625,0.5,0.75,0.53,0.5,0.595
17-2072.01,0.655,0.6875,0.5625,0.6875,0.405,0.25,0.72,0.53,0.405,0.53
17-2081.00,0.75,0.75,0.75,0.75,0.595,0.595,0.75,0.6875,0.5,0.75
17-2111.00,0.75,0.6875,0.6875,0.655,0.47,0.375,0.6875,0.5625,0.5625,0.595
17-2111.02,0.75,0.72,0.72,0.75,0.53,0.655,0.8125,0.72,0.53,0.53
17-2112.00,0.75,0.75,0.6875,0.72,0.5625,0.28,0.75,0.5625,0.4375,0.595
17-2112.01,0.75,0.75,0.75,0.75,0.625,0.5625,0.75,0.6875,0.5625,0.625
17-2112.02,0.78,0.72,0.75,0.75,0.53,0.6875,0.75,0.5625,0.5,0.72
17-2112.03,0.75,0.72,0.6875,0.72,0.75,0.53,0.6875,0.655,0.5625,0.72
17-2121.00,0.72,0.6875,0.6875,0.6875,0.655,0.625,0.78,0.625,0.47,0.595
17-2131.00,0.75,0.75,0.6875,0.6875,0.6875,0.75,0.72,0.5625,0.5,0.53
17-2141.00,0.72,0.72,0.595,0.595,0.6875,0.6875,0.72,0.625,0.47,0.5625
17-2141.01,0.75,0.655,0.6875,0.6875,0.625,0.6875,0.75,0.655,0.53,0.655
17-2141.02,0.75,0.6875,0.72,0.72,0.72,0.5625,0.78,0.595,0.47,0.53
17-2151.00,0.75,0.72,0.75,0.75,0.6875,0.625,0.75,0.625,0.53,0.6875
17-2161.00,0.75,0.75,0.75,0.6875,0.75,0.78,0.78,0.72,0.5,0.75
17-2171.00,0.75,0.72,0.72,0.72,0.5625,0.595,0.75,0.6875,0.5,0.6875
17-2199.03,0.78,0.72,0.72,0.6875,0.6875,0.655,0.75,0.6875,0.47,0.72
17-2199.05,0.6875,0.655,0.6875,0.625,0.595,0.53,0.6875,0.53,0.53,0.595
17-2199.06,0.75,0.75,0.6875,0.655,0.595,0.655,0.75,0.625,0.5625,0.655
17-2199.07,0.72,0.6875,0.72,0.655,0.655,0.625,0.75,0.655,0.5,0.5
17-2199.08,0.72,0.72,0.6875,0.5625,0.6875,0.53,0.75,0.6875,0.595,0.72
17-2199.09,0.75,0.72,0.72,0.75,0.72,0.75,0.75,0.72,0.5,0.625
17-3011.00,0.655,0.5625,0.595,0.53,0.5625,0.375,0.595,0.595,0.5,0.5625
17-3012.00,0.595,0.655,0.625,0.5625,0.4375,0.22,0.625,0.5625,0.405,0.5
17-3013.00,0.5625,0.5625,0.5,0.53,0.5625,0.22,0.5625,0.5625,0.47,0.5
17-3021.00,0.6875,0.655,0.53,0.655,0.5,0.53,0.72,0.5,0.47,0.53
17-3022.00,0.6875,0.6875,0.5625,0.595,0.655,0.4375,0.72,0.47,0.3125,0.5625
17-3023.00,0.72,0.655,0.5625,0.5625,0.4375,0.1875,0.6875,0.53,0.405,0.53
17-3024.00,0.5625,0.53,0.53,0.53,0.47,0.4375,0.655,0.53,0.47,0.6875
17-3024.01,0.72,0.6875,0.5625,0.5625,0.5,0.4375,0.72,0.53,0.5,0.53
17-3025.00,0.72,0.72,0.53,0.595,0.5,0.595,0.72,0.6875,0.5,0.595
17-3026.00,0.75,0.72,0.53,0.5625,0.53,0.47,0.72,0.5,0.4375,0.595
17-3026.01,0.78,0.655,0.6875,0.595,0.595,0.655,0.75,0.595,0.5,0.595
17-3027.00,0.6875,0.6875,0.625,0.655,0.5625,0.5,0.6875,0.53,0.4375,0.53
17-3027.01,0.655,0.5625,0.5625,0.625,0.53,0.405,0.625,0.5,0.345,0.53
17-3029.01,0.72,0.655,0.5625,0.53,0.53,0.5,0.625,0.5625,0.53,0.595
17-3029.08,0.625,0.595,0.53,0.53,0.4375,0.375,0.595,0.5625,0.4375,0.5625
17-3031.00,0.72,0.53,0.5625,0.53,0.5625,0.155,0.595,0.5,0.375,0.53
19-1011.00,0.78,0.72,0.75,0.72,0.595,0.75,0.75,0.72,0.5625,0.6875
19-1012.00,0.75,0.72,0.72,0.72,0.53,0.72,0.75,0.75,0.5,0.655
19-1013.00,0.75,0.72,0.72,0.75,0.5625,0.75,0.75,0.75,0.5625,0.5625
19-1021.00,0.845,0.78,0.8125,0.78,0.72,0.9375,0.8125,0.78,0.75,0.72
19-1022.00,0.78,0.72,0.75,0.72,0.53,0.905,0.75,0.72,0.655,0.655
19-1023.00,0.75,0.75,0.72,0.75,0.5,0.72,0.75,0.655,0.5,0.595
19-1029.01,0.78,0.75,0.72,0.75,0.625,0.6875,0.78,0.655,0.5,0.595
19-1029.02,0.845,0.75,0.8125,0.75,0.6875,0.9375,0.78,0.72,0.72,0.6875
19-1029.03,0.8125,0.75,0.75,0.75,0.72,0.78,0.75,0.75,0.72,0.6875
19-1029.04,0.78,0.75,0.78,0.75,0.72,0.905,0.75,0.72,0.53,0.5
19-1031.00,0.72,0.72,0.625,0.655,0.53,0.625,0.625,0.5625,0.47,0.5625
19-1031.02,0.72,0.75,0.5625,0.6875,0.47,0.47,0.6875,0.5625,0.4375,0.655
19-1031.03,0.72,0.72,0.6875,0.78,0.22,0.345,0.655,0.5625,0.5625,0.53
19-1032.00,0.72,0.75,0.6875,0.72,0.47,0.4375,0.72,0.53,0.47,0.6875
19-1041.00,0.8125,0.78,0.78,0.78,0.6875,0.78,0.8125,0.75,0.625,0.655
19-1042.00,0.75,0.75,0.8125,0.78,0.655,0.78,0.75,0.78,0.595,0.655
19-2011.00,0.8125,0.75,0.78,0.75,0.78,0.8125,0.78,0.75,0.6875,0.595
19-2012.00,0.8125,0.75,0.75,0.78,0.8125,0.905,0.78,0.75,0.72,0.5625
19-2021.00,0.78,0.75,0.72,0.75,0.595,0.75,0.75,0.75,0.53,0.53
19-2031.00,0.75,0.6875,0.6875,0.72,0.6875,0.78,0.75,0.655,0.5,0.625
19-2032.00,0.75,0.75,0.72,0.6875,0.625,0.75,0.75,0.6875,0.5,0.53
19-2041.00,0.75,0.75,0.75,0.75,0.5625,0.75,0.72,0.6875,0.5625,0.655
19-2042.00,0.78,0.72,0.72,0.75,0.595,0.75,0.75,0.5625,0.53,0.53
19-2043.00,0.72,0.72,0.655,0.6875,0.6875,0.72,0.75,0.655,0.5,0.625
19-2099.01,0.75,0.72,0.72,0.72,0.6875,0.72,0.75,0.595,0.53,0.595
19-3011.00,0.78,0.75,0.75,0.75,0.78,0.22,0.78,0.6875,0.53,0.53
19-3022.00,0.8125,0.8125,0.8125,0.8125,0.75,0.47,0.8125,0.72,0.5625,0.53
19-3032.00,0.845,0.845,0.8125,0.78,0.625,0.6875,0.78,0.72,0.655,0.72
19-3033.00,0.9375,0.8125,0.8125,0.78,0.3125,0.345,0.8125,0.72,0.655,0.6875
19-3034.00,0.8125,0.845,0.75,0.8125,0.4375,0.25,0.75,0.655,0.625,0.75
19-3039.02,0.875,0.875,0.845,0.8125,0.5,0.655,0.8125,0.72,0.625,0.655
19-3039.03,0.78,0.845,0.72,0.75,0.405,0.405,0.8125,0.6875,0.625,0.655
19-3041.00,0.75,0.78,0.75,0.78,0.47,0.53,0.75,0.75,0.72,0.625
19-3051.00,0.75,0.78,0.72,0.78,0.5,0.405,0.75,0.5625,0.5,0.5
19-3091.00,0.78,0.78,0.8125,0.8125,0.4375,0.5,0.78,0.72,0.595,0.625
19-3092.00,0.78,0.6875,0.78,0.75,0.5,0.595,0.75,0.655,0.53,0.5
19-3093.00,0.9375,0.75,0.78,0.75,0.25,0.405,0.78,0.75,0.5625,0.5
19-3094.00,0.8125,0.78,0.75,0.78,0.5,0.405,0.75,0.78,0.625,0.47
19-3099.01,0.75,0.75,0.75,0.75,0.595,0.345,0.75,0.6875,0.5,0.53
19-4012.00,0.595,0.5625,0.53,0.5,0.47,0.4375,0.5625,0.53,0.47,0.53
19-4012.01,0.72,0.6875,0.625,0.6875,0.5625,0.47,0.6875,0.595,0.5,0.5625
19-4013.00,0.6875,0.625,0.625,0.625,0.4375,0.5625,0.5625,0.5,0.47,0.53
19-4021.00,0.75,0.6875,0.595,0.5625,0.5,0.6875,0.72,0.625,0.47,0.5625
19-4031.00,0.75,0.72,0.72,0.595,0.5,0.78,0.75,0.595,0.53,0.72
19-4042.00,0.75,0.72,0.72,0.72,0.53,0.595,0.6875,0.53,0.5,0.595
19-4043.00,0.6875,0.53,0.5625,0.5,0.4375,0.405,0.625,0.4375,0.405,0.5625
19-4051.00,0.655,0.655,0.5625,0.5625,0.4375,0.4375,0.655,0.595,0.47,0.6875
19-4051.02,0.6875,0.72,0.53,0.625,0.53,0.53,0.72,0.5,0.53,0.72
19-4061.00,0.75,0.6875,0.6875,0.595,0.53,0.5625,0.6875,0.53,0.5,0.47
19-4071.00,0.595,0.6875,0.5,0.5625,0.4375,0.4375,0.6875,0.5,0.5,0.53
19-4092.00,0.75,0.75,0.75,0.75,0.4375,0.5625,0.75,0.595,0.5,0.5625
19-4099.01,0.6875,0.595,0.5625,0.53,0.5,0.4375,0.5625,0.53,0.4375,0.6875
19-4099.03,0.625,0.595,0.5625,0.625,0.625,0.405,0.6875,0.5,0.4375,0.595
19-5011.00,0.75,0.75,0.75,0.75,0.5,0.4375,0.6875,0.595,0.5,0.655
19-5012.00,0.72,0.75,0.6875,0.72,0.4375,0.4375,0.72,0.53,0.5,0.5625
21-1011.00,0.75,0.8125,0.75,0.8125,0.25,0.25,0.78,0.6875,0.5625,0.75
21-1012.00,0.72,0.845,0.72,0.78,0.3125,0.125,0.72,0.6875,0.6875,0.6875
21-1013.00,0.75,0.97,0.75,0.8125,0.22,0.375,0.72,0.6875,0.53,0.655
21-1014.00,0.78,1,0.78,0.8125,0.25,0.4375,0.75,0.6875,0.53,0.6875
21-1015.00,0.6875,0.75,0.655,0.75,0.25,0.3125,0.655,0.53,0.53,0.72
21-1021.00,0.75,0.97,0.6875,0.875,0.25,0.3125,0.78,0.595,0.53,0.72
21-1022.00,0.75,0.75,0.72,0.78,0.25,0.405,0.75,0.6875,0.53,0.5625
21-1023.00,0.75,0.78,0.6875,0.78,0.25,0.405,0.75,0.5625,0.6875,0.75
21-1091.00,0.6875,0.78,0.78,0.78,0.28,0.375,0.6875,0.72,0.75,0.5625
21-1092.00,0.72,0.75,0.6875,0.75,0.22,0.1875,0.72,0.595,0.3125,0.6875
21-1093.00,0.6875,0.75,0.655,0.75,0.25,0.1875,0.655,0.5625,0.47,0.655
21-1094.00,0.72,0.78,0.75,0.78,0.3125,0.0625,0.6875,0.655,0.595,0.595
21-2011.00,0.72,0.8125,0.72,0.9375,0.22,0.095,0.6875,0.6875,0.655,0.625
21-2021.00,0.72,0.75,0.5625,0.78,0.28,0.095,0.72,0.72,0.6875,0.53
23-1011.00,0.875,0.875,0.8125,0.905,0.25,0.125,0.875,0.6875,0.53,0.595
23-1012.00,0.875,0.8125,0.78,0.75,0.22,0,0.8125,0.6875,0.5,0.5
23-1021.00,0.8125,0.8125,0.78,0.75,0.28,0.155,0.8125,0.6875,0.5,0.655
23-1022.00,0.78,0.845,0.8125,0.78,0.28,0.0625,0.75,0.72,0.47,0.47
23-1023.00,0.8125,1,0.78,0.78,0.28,0.1875,0.97,0.75,0.4375,0.72
23-2011.00,0.72,0.72,0.75,0.655,0.25,0.095,0.5625,0.5,0.3125,0.5
23-2093.00,0.78,0.6875,0.595,0.655,0.3125,0.0625,0.655,0.5,0.345,0.5
25-1011.00,0.75,0.75,0.75,0.8125,0.5,0.22,0.72,0.72,0.75,0.655
25-1021.00,0.75,0.72,0.75,0.75,0.53,0.4375,0.72,0.72,0.72,0.6875
25-1022.00,0.75,0.75,0.72,0.78,0.8125,0.345,0.72,0.6875,0.72,0.72
25-1031.00,0.78,0.75,0.75,0.78,0.47,0.345,0.72,0.72,0.78,0.6875
25-1032.00,0.75,0.75,0.72,0.78,0.72,0.625,0.72,0.655,0.78,0.595
25-1041.00,0.78,0.75,0.75,0.78,0.5,0.625,0.75,0.75,0.78,0.72
25-1042.00,0.75,0.75,0.75,0.8125,0.53,0.75,0.72,0.75,0.78,0.72
25-1043.00,0.78,0.75,0.78,0.75,0.5,0.5625,0.72,0.75,0.78,0.72
25-1051.00,0.75,0.75,0.75,0.9375,0.595,0.75,0.75,0.72,0.72,0.655
25-1052.00,0.78,0.75,0.78,0.78,0.5625,0.75,0.75,0.75,0.75,0.75
25-1053.00,0.78,0.75,0.75,0.78,0.5,0.75,0.75,0.72,0.75,0.72
25-1054.00,0.78,0.75,0.75,0.78,0.655,0.78,0.75,0.75,0.75,0.655
25-1061.00,0.9375,0.845,0.905,0.97,0.405,0.6875,0.75,0.8125,0.845,0.72
25-1062.00,0.8125,0.75,0.75,0.78,0.25,0.375,0.72,0.75,0.75,0.53
25-1063.00,0.75,0.75,0.75,0.78,0.5625,0.345,0.72,0.6875,0.72,0.5
25-1064.00,0.75,0.75,0.78,0.78,0.4375,0.53,0.72,0.72,0.72,0.53
25-1065.00,0.78,0.75,0.75,0.905,0.25,0.345,0.72,0.75,0.72,0.5
25-1066.00,0.78,0.75,0.75,0.78,0.5,0.595,0.72,0.72,0.8125,0.625
25-1067.00,0.75,0.75,0.75,0.905,0.28,0.4375,0.6875,0.655,0.75,0.6875
25-1071.00,0.78,0.75,0.75,0.78,0.5,0.5625,0.75,0.75,0.75,0.655
25-1072.00,0.75,0.75,0.75,0.78,0.47,0.47,0.72,0.72,0.78,0.72
25-1081.00,0.8125,0.78,0.75,0.905,0.28,0.25,0.6875,0.75,0.78,0.72
25-1082.00,0.78,0.75,0.75,0.78,0.3125,0.28,0.75,0.75,0.75,0.75
25-1111.00,0.75,0.78,0.75,0.9375,0.25,0.1875,0.78,0.75,0.75,0.72
25-1112.00,0.8125,0.8125,0.75,0.905,0.25,0.155,0.75,0.75,0.8125,0.595
25-1113.00,0.75,0.75,0.75,0.905,0.405,0.405,0.75,0.75,0.8125,0.6875
25-1121.00,0.75,0.75,0.72,0.905,0.25,0.1875,0.655,0.75,0.78,0.6875
25-1122.00,0.78,0.78,0.75,0.78,0.28,0.25,0.72,0.75,0.75,0.6875
25-1123.00,0.9375,0.75,0.8125,0.78,0.25,0.1875,0.6875,0.72,0.75,0.655
25-1124.00,0.75,0.75,0.75,0.78,0.25,0.1875,0.6875,0.72,0.75,0.655
25-1125.00,0.8125,0.75,0.78,0.875,0.25,0.22,0.72,0.72,0.78,0.655
25-1126.00,0.8125,0.78,0.75,0.78,0.25,0.1875,0.75,0.6875,0.72,0.5625
25-1192.00,0.75,0.75,0.655,0.78,0.405,0.3125,0.6875,0.655,0.75,0.625
25-1193.00,0.75,0.75,0.75,0.78,0.28,0.345,0.72,0.595,0.75,0.6875
25-1194.00,0.72,0.75,0.655,0.72,0.3125,0.22,0.6875,0.72,0.75,0.655
25-2011.00,0.6875,0.72,0.5,0.75,0.25,0.155,0.6875,0.53,0.72,0.6875
25-2012.00,0.72,0.75,0.5625,0.75,0.3125,0.095,0.5625,0.5625,0.75,0.75
25-2021.00,0.72,0.75,0.72,0.78,0.4375,0.25,0.75,0.6875,0.8125,0.75
25-2022.00,0.72,0.75,0.72,0.78,0.47,0.25,0.6875,0.72,0.8125,0.72
25-2023.00,0.75,0.75,0.655,0.78,0.375,0.22,0.72,0.625,0.75,0.72
25-2031.00,0.75,0.75,0.655,0.75,0.4375,0.25,0.72,0.6875,0.75,0.72
25-2032.00,0.78,0.78,0.75,0.78,0.5,0.1875,0.75,0.72,0.78,0.75
25-2051.00,0.72,0.75,0.6875,0.78,0.3125,0.25,0.72,0.655,0.6875,0.6875
25-2056.00,0.78,0.8125,0.6875,0.8125,0.405,0.22,0.75,0.625,0.78,0.655
25-2057.00,0.72,0.75,0.72,0.75,0.405,0.22,0.6875,0.75,0.75,0.72
25-2058.00,0.75,0.72,0.72,0.75,0.405,0.22,0.6875,0.595,0.78,0.72
25-2059.01,0.72,0.75,0.72,0.75,0.25,0.125,0.72,0.75,0.72,0.72
25-3011.00,0.6875,0.6875,0.655,0.6875,0.405,0.1875,0.625,0.625,0.6875,0.655
25-3021.00,0.53,0.595,0.5,0.655,0.25,0.095,0.53,0.53,0.595,0.53
25-3031.00,0.655,0.655,0.53,0.655,0.25,0.095,0.595,0.5,0.53,0.595
25-3041.00,0.78,0.75,0.655,0.75,0.47,0.155,0.6875,0.655,0.75,0.625
25-4011.00,0.78,0.72,0.72,0.625,0.25,0.22,0.595,0.595,0.47,0.5
25-4012.00,0.75,0.72,0.72,0.75,0.47,0.25,0.6875,0.625,0.5625,0.595
25-4013.00,0.655,0.72,0.5625,0.655,0.3125,0.345,0.5625,0.5,0.47,0.53
25-4022.00,0.72,0.72,0.655,0.72,0.25,0.03,0.655,0.5625,0.47,0.595
25-4031.00,0.595,0.5625,0.47,0.5625,0.25,0.0625,0.5,0.47,0.5,0.47
25-9021.00,0.75,0.845,0.72,0.78,0.5,0.4375,0.6875,0.6875,0.6875,0.595
25-9031.00,0.75,0.75,0.78,0.78,0.4375,0.125,0.72,0.72,0.8125,0.75
25-9042.00,0.655,0.6875,0.595,0.655,0.375,0.095,0.595,0.53,0.595,0.595
25-9043.00,0.655,0.72,0.53,0.6875,0.22,0.095,0.595,0.5,0.655,0.655
25-9044.00,0.72,0.655,0.5625,0.625,0.3125,0.25,0.53,0.5,0.595,0.53
27-1011.00,0.6875,0.75,0.595,0.75,0.3125,0.0625,0.6875,0.5625,0.5,0.5625
27-1012.00,0.5,0.5,0.4375,0.5,0.28,0,0.53,0.4375,0.25,0.5
27-1013.00,0.5,0.53,0.47,0.5,0.28,0,0.5625,0.5625,0.345,0.4375
27-1014.00,0.6875,0.72,0.53,0.5625,0.28,0.03,0.6875,0.53,0.47,0.5
27-1021.00,0.72,0.75,0.53,0.625,0.4375,0.405,0.6875,0.5,0.4375,0.53
27-1022.00,0.655,0.72,0.595,0.72,0.28,0.03,0.72,0.6875,0.53,0.625
27-1023.00,0.47,0.75,0.375,0.72,0.3125,0.0625,0.5625,0.5,0.3125,0.5
27-1024.00,0.53,0.6875,0.5625,0.595,0.25,0.03,0.5625,0.5625,0.4375,0.5
27-1025.00,0.75,0.75,0.655,0.75,0.5,0.03,0.75,0.53,0.405,0.53
27-1026.00,0.5,0.625,0.47,0.5625,0.25,0.0625,0.5625,0.47,0.345,0.4375
27-1027.00,0.72,0.72,0.5625,0.6875,0.5,0.1875,0.6875,0.53,0.47,0.53
27-2011.00,0.72,0.6875,0.47,0.72,0,0.125,0.5,0.405,0.4375,0.5
27-2012.00,0.75,0.845,0.6875,0.75,0.375,0.03,0.75,0.5625,0.53,0.75
27-2012.03,0.78,0.72,0.6875,0.8125,0.25,0.095,0.78,0.72,0.5,0.72
27-2012.04,0.72,0.75,0.5625,0.75,0.25,0.125,0.72,0.5,0.4375,0.595
27-2012.05,0.655,0.75,0.595,0.75,0.28,0.03,0.72,0.595,0.5625,0.75
27-2021.00,0.53,0.6875,0.4375,0.72,0.28,0.1875,0.6875,0.5,0.47,0.5625
27-2022.00,0.75,0.75,0.655,0.845,0.28,0.155,0.75,0.72,0.78,0.78
27-2023.00,0.5,0.5625,0.4375,0.655,0.375,0.095,0.595,0.5,0.5,0.53
27-2031.00,0.4375,0.5625,0.375,0.47,0.095,0,0.5,0.4375,0.375,0.47
27-2032.00,0.625,0.72,0.5,0.72,0.155,0.03,0.595,0.5625,0.655,0.6875
27-2041.00,0.625,0.72,0.595,0.655,0.28,0.0625,0.625,0.595,0.4375,0.5625
27-2042.00,0.53,0.5625,0.4375,0.595,0.22,0.03,0.5,0.4375,0.405,0.5625
27-3011.00,0.72,0.75,0.53,0.9375,0.1875,0,0.6875,0.53,0.25,0.5
27-3023.00,0.75,0.72,0.75,0.78,0.25,0,0.595,0.5625,0.345,0.5
27-3031.00,0.75,0.78,0.75,0.78,0.25,0.125,0.72,0.595,0.47,0.5
27-3041.00,0.97,0.72,0.8125,0.6875,0.28,0,0.72,0.53,0.47,0.5
27-3042.00,0.78,0.6875,0.97,0.6875,0.155,0.0625,0.655,0.5625,0.375,0.5
27-3043.00,0.78,0.72,0.9375,0.72,0.0625,0.03,0.655,0.595,0.4375,0.5
27-3043.05,0.8125,0.655,0.9375,0.72,0.1875,0.03,0.6875,0.6875,0.4375,0.4375
27-3091.00,0.72,0.75,0.6875,0.78,0.25,0.03,0.655,0.53,0.5,0.655
27-3092.00,0.53,0.75,0.595,0.5,0.155,0,0.375,0.345,0.25,0.5
27-4011.00,0.625,0.53,0.53,0.53,0.25,0,0.625,0.5,0.4375,0.6875
27-4012.00,0.53,0.655,0.5625,0.53,0.4375,0.22,0.6875,0.53,0.47,0.625
27-4014.00,0.5625,0.6875,0.53,0.655,0.25,0.155,0.625,0.53,0.375,0.53
27-4021.00,0.53,0.6875,0.47,0.6875,0.25,0.1875,0.53,0.53,0.47,0.53
27-4031.00,0.5625,0.6875,0.47,0.5625,0.25,0,0.53,0.47,0.4375,0.53
27-4032.00,0.595,0.6875,0.53,0.5625,0.22,0,0.625,0.5625,0.405,0.5
29-1011.00,0.72,0.75,0.6875,0.72,0.345,0.595,0.72,0.595,0.47,0.53
29-1021.00,0.75,0.75,0.5625,0.75,0.4375,0.6875,0.78,0.72,0.53,0.75
29-1022.00,0.75,0.72,0.625,0.72,0.405,0.625,0.75,0.72,0.47,0.72
29-1023.00,0.72,0.75,0.595,0.75,0.28,0.595,0.75,0.6875,0.5625,0.75
29-1024.00,0.655,0.75,0.595,0.75,0.25,0.5,0.75,0.5,0.47,0.655
29-1031.00,0.75,0.75,0.72,0.75,0.5,0.5625,0.75,0.655,0.6875,0.72
29-1041.00,0.78,0.78,0.75,0.75,0.5,0.6875,0.78,0.53,0.53,0.5625
29-1051.00,0.75,0.75,0.72,0.75,0.5625,0.595,0.72,0.655,0.53,0.72
29-1071.00,0.78,0.75,0.75,0.75,0.5,0.655,0.78,0.72,0.53,0.72
29-1071.01,0.6875,0.75,0.53,0.655,0.47,0.5,0.655,0.625,0.47,0.6875
29-1081.00,0.75,0.75,0.72,0.75,0.47,0.625,0.75,0.75,0.5625,0.72
29-1122.00,0.75,0.78,0.75,0.75,0.25,0.4375,0.75,0.72,0.72,0.78
29-1122.01,0.72,0.75,0.6875,0.75,0.28,0.25,0.625,0.6875,0.75,0.6875
29-1123.00,0.75,0.75,0.72,0.75,0.28,0.405,0.75,0.53,0.53,0.72
29-1124.00,0.6875,0.6875,0.53,0.5625,0.4375,0.4375,0.625,0.5,0.47,0.5625
29-1125.00,0.72,0.75,0.72,0.75,0.25,0.25,0.72,0.595,0.595,0.595
29-1126.00,0.655,0.72,0.53,0.6875,0.4375,0.5,0.72,0.655,0.53,0.72
29-1127.00,0.78,0.78,0.75,0.75,0.25,0.47,0.78,0.72,0.75,0.72
29-1128.00,0.75,0.75,0.72,0.75,0.47,0.47,0.75,0.5625,0.5625,0.6875
29-1129.01,0.72,0.75,0.655,0.75,0.28,0.25,0.72,0.6875,0.53,0.72
29-1129.02,0.75,0.78,0.5625,0.75,0.25,0.1875,0.75,0.5625,0.6875,0.6875
29-1131.00,0.78,0.78,0.625,0.72,0.53,0.72,0.72,0.75,0.5,0.5625
29-1141.00,0.72,0.75,0.6875,0.75,0.47,0.47,0.75,0.625,0.5625,0.6875
29-1141.01,0.78,0.75,0.75,0.78,0.5,0.5,0.78,0.75,0.595,0.75
29-1141.02,0.75,0.845,0.75,0.78,0.4375,0.47,0.75,0.72,0.6875,0.75
29-1141.03,0.75,0.75,0.595,0.75,0.47,0.5,0.75,0.72,0.5,0.78
29-1141.04,0.75,0.72,0.72,0.78,0.375,0.5,0.75,0.75,0.655,0.75
29-1151.00,0.78,0.75,0.595,0.75,0.5625,0.72,0.78,0.75,0.595,0.75
29-1161.00,0.75,0.78,0.72,0.78,0.405,0.47,0.78,0.75,0.5625,0.75
29-1171.00,0.78,0.78,0.75,0.75,0.5,0.6875,0.78,0.75,0.625,0.75
29-1181.00,0.78,0.78,0.75,0.75,0.47,0.5,0.75,0.75,0.595,0.6875
29-1211.00,0.75,0.78,0.75,0.72,0.5,0.75,0.875,0.655,0.5625,0.78
29-1213.00,0.72,0.75,0.625,0.72,0.3125,0.655,0.78,0.6875,0.53,0.625
29-1214.00,0.8125,0.845,0.78,0.8125,0.4375,0.5,0.845,0.75,0.655,0.78
29-1215.00,0.8125,0.8125,0.78,0.78,0.4375,0.72,0.845,0.75,0.5625,0.75
29-1216.00,0.78,0.78,0.75,0.75,0.47,0.75,0.75,0.72,0.53,0.72
29-1217.00,0.78,0.8125,0.75,0.78,0.47,0.6875,0.78,0.6875,0.595,0.75
29-1218.00,0.8125,0.78,0.75,0.75,0.4375,0.6875,0.845,0.78,0.625,0.75
29-1221.00,0.78,0.78,0.75,0.8125,0.345,0.75,0.8125,0.75,0.5625,0.75
29-1222.00,0.8125,0.75,0.78,0.72,0.5,0.75,0.78,0.75,0.53,0.625
29-1223.00,0.78,0.905,0.78,0.8125,0.375,0.72,0.8125,0.75,0.6875,0.75
29-1224.00,0.8125,0.8125,0.78,0.8125,0.47,0.6875,0.78,0.72,0.5625,0.75
29-1229.01,0.875,0.78,0.78,0.75,0.4375,0.72,0.78,0.75,0.655,0.75
29-1229.02,0.78,0.78,0.72,0.78,0.5,0.595,0.78,0.78,0.5625,0.75
29-1229.03,0.845,0.78,0.78,0.75,0.4375,0.655,0.8125,0.72,0.53,0.72
29-1229.04,0.75,0.75,0.6875,0.75,0.47,0.5625,0.78,0.655,0.53,0.6875
29-1229.05,0.845,0.8125,0.78,0.8125,0.53,0.6875,0.8125,0.75,0.6875,0.78
29-1229.06,0.875,0.845,0.6875,0.75,0.375,0.5625,0.8125,0.72,0.655,0.78
29-1241.00,0.8125,0.78,0.75,0.75,0.5,0.72,0.8125,0.75,0.595,0.75
29-1291.00,0.5625,0.72,0.53,0.655,0.25,0.3125,0.6875,0.53,0.405,0.5625
29-1292.00,0.5,0.6875,0.53,0.625,0.25,0.345,0.625,0.5,0.4375,0.53
29-1299.01,0.8125,0.78,0.75,0.78,0.4375,0.53,0.78,0.6875,0.595,0.595
29-1299.02,0.655,0.75,0.625,0.72,0.4375,0.655,0.75,0.5625,0.5625,0.53
29-2011.00,0.6875,0.72,0.53,0.53,0.53,0.75,0.75,0.595,0.47,0.625
29-2011.01,0.72,0.655,0.6875,0.655,0.5,0.5625,0.72,0.5625,0.47,0.53
29-2011.02,0.72,0.6875,0.5,0.53,0.405,0.47,0.6875,0.5,0.4375,0.5
29-2011.04,0.625,0.5625,0.53,0.5625,0.345,0.5,0.595,0.5625,0.4375,0.595
29-2012.00,0.625,0.72,0.53,0.595,0.4375,0.5625,0.595,0.5,0.47,0.53
29-2012.01,0.595,0.625,0.5,0.53,0.25,0.53,0.625,0.47,0.345,0.5625
29-2031.00,0.655,0.72,0.53,0.6875,0.405,0.5,0.6875,0.53,0.47,0.6875
29-2032.00,0.6875,0.72,0.5625,0.6875,0.28,0.5625,0.625,0.595,0.5,0.625
29-2033.00,0.625,0.6875,0.625,0.6875,0.53,0.5625,0.72,0.53,0.4375,0.625
29-2034.00,0.625,0.6875,0.5,0.625,0.25,0.28,0.5625,0.47,0.4375,0.595
29-2035.00,0.72,0.6875,0.53,0.655,0.405,0.4375,0.595,0.53,0.4375,0.6875
29-2036.00,0.75,0.75,0.6875,0.72,0.625,0.595,0.78,0.595,0.53,0.625
29-2051.00,0.53,0.5625,0.53,0.595,0.47,0.25,0.53,0.53,0.53,0.53
29-2052.00,0.6875,0.75,0.5,0.6875,0.5,0.22,0.5625,0.53,0.47,0.53
29-2053.00,0.6875,0.75,0.5625,0.72,0.25,0.25,0.655,0.53,0.5,0.75
29-2055.00,0.5,0.595,0.47,0.53,0.405,0.3125,0.53,0.5,0.5,0.6875
29-2056.00,0.655,0.6875,0.5625,0.655,0.4375,0.47,0.6875,0.53,0.5,0.5625
29-2057.00,0.53,0.655,0.53,0.5625,0.375,0.25,0.5,0.5,0.405,0.5
29-2061.00,0.6875,0.72,0.5625,0.72,0.47,0.405,0.6875,0.595,0.53,0.72
29-2081.00,0.6875,0.72,0.5625,0.75,0.47,0.1875,0.625,0.5,0.405,0.5
29-2091.00,0.75,0.75,0.75,0.75,0.5,0.47,0.75,0.6875,0.53,0.595
29-2092.00,0.5625,0.72,0.53,0.595,0.28,0.1875,0.53,0.53,0.5,0.53
29-2099.01,0.6875,0.75,0.595,0.72,0.3125,0.375,0.6875,0.53,0.53,0.655
29-2099.05,0.53,0.72,0.53,0.72,0.405,0.3125,0.5625,0.5,0.5,0.5
29-2099.08,0.72,0.78,0.5625,0.72,0.25,0.22,0.655,0.5625,0.4375,0.53
29-9091.00,0.6875,0.75,0.625,0.72,0.28,0.345,0.72,0.6875,0.53,0.72
29-9092.00,0.78,0.75,0.72,0.72,0.4375,0.5625,0.72,0.72,0.5,0.5
29-9093.00,0.655,0.75,0.53,0.6875,0.375,0.405,0.655,0.5,0.53,0.655
29-9099.01,0.655,0.6875,0.53,0.6875,0.3125,0.47,0.75,0.595,0.5625,0.75
31-1121.00,0.5625,0.6875,0.53,0.53,0.3125,0.155,0.595,0.5,0.5,0.5625
31-1122.00,0.47,0.595,0.47,0.5,0.25,0.1875,0.5625,0.47,0.4375,0.5625
31-1131.00,0.53,0.655,0.4375,0.53,0.28,0.1875,0.53,0.47,0.345,0.5625
31-1132.00,0.375,0.53,0.405,0.5,0.1875,0.0625,0.4375,0.28,0.28,0.405
31-1133.00,0.53,0.6875,0.53,0.72,0.28,0.1875,0.595,0.5625,0.47,0.6875
31-2011.00,0.655,0.72,0.5625,0.72,0.28,0.22,0.595,0.5625,0.5625,0.595
31-2012.00,0.53,0.625,0.53,0.655,0.25,0.155,0.5625,0.5,0.5,0.5625
31-2021.00,0.5625,0.75,0.5625,0.6875,0.3125,0.345,0.5625,0.5625,0.47,0.6875
31-2022.00,0.53,0.655,0.5,0.5,0.25,0.22,0.5,0.5,0.405,0.5625
31-9011.00,0.5,0.655,0.5,0.655,0.25,0.1875,0.5,0.5,0.4375,0.5
31-9091.00,0.5625,0.72,0.5,0.595,0.28,0.25,0.5,0.53,0.375,0.53
31-9092.00,0.6875,0.72,0.595,0.72,0.405,0.405,0.655,0.5625,0.53,0.625
31-9093.00,0.53,0.5625,0.47,0.53,0.3125,0.22,0.625,0.5,0.4375,0.595
31-9094.00,0.75,0.78,0.72,0.5,0.1875,0.125,0.5,0.47,0.28,0.53
31-9095.00,0.5625,0.625,0.4375,0.595,0.375,0.125,0.5,0.47,0.375,0.4375
31-9096.00,0.53,0.625,0.53,0.5,0.4375,0.405,0.5625,0.47,0.28,0.53
31-9097.00,0.53,0.595,0.53,0.595,0.28,0.345,0.5625,0.5,0.47,0.53
31-9099.01,0.6875,0.75,0.53,0.6875,0.25,0.25,0.53,0.53,0.5,0.595
31-9099.02,0.655,0.655,0.53,0.53,0.25,0.1875,0.595,0.53,0.4375,0.53
33-1011.00,0.6875,0.75,0.625,0.72,0.28,0.125,0.75,0.5625,0.53,0.75
33-1012.00,0.75,0.75,0.6875,0.75,0.345,0.125,0.75,0.72,0.6875,0.75
33-1021.00,0.655,0.75,0.5625,0.655,0.375,0.155,0.72,0.5625,0.53,0.655
33-1091.00,0.72,0.75,0.655,0.72,0.25,0.0625,0.72,0.53,0.5,0.6875
33-2011.00,0.53,0.625,0.47,0.625,0.405,0.25,0.72,0.625,0.47,0.625
33-2021.00,0.595,0.655,0.625,0.625,0.375,0.22,0.625,0.53,0.5,0.5625
33-2022.00,0.53,0.655,0.53,0.6875,0.28,0.22,0.75,0.5,0.53,0.595
33-3011.00,0.47,0.5625,0.3125,0.595,0.125,0,0.5,0.4375,0.28,0.595
33-3012.00,0.655,0.75,0.5,0.72,0.25,0.095,0.6875,0.5625,0.5,0.75
33-3021.00,0.72,0.845,0.595,0.8125,0.3125,0.22,0.78,0.625,0.4375,0.595
33-3021.02,0.6875,0.72,0.5625,0.72,0.25,0.1875,0.6875,0.5,0.4375,0.5
33-3021.06,0.8125,0.78,0.75,0.75,0.4375,0.22,0.75,0.655,0.5,0.5625
33-3031.00,0.655,0.72,0.53,0.6875,0.405,0.4375,0.72,0.5,0.47,0.595
33-3041.00,0.5,0.53,0.47,0.5625,0.28,0,0.53,0.47,0.3125,0.5625
33-3051.00,0.655,0.72,0.5625,0.72,0.3125,0.095,0.6875,0.6875,0.405,0.625
33-3051.04,0.72,0.75,0.655,0.75,0.3125,0.22,0.75,0.595,0.405,0.655
33-3052.00,0.53,0.75,0.5625,0.75,0.25,0.03,0.72,0.5625,0.47,0.595
33-9011.00,0.5,0.6875,0.5,0.655,0.25,0.03,0.625,0.47,0.4375,0.5
33-9021.00,0.72,0.78,0.655,0.75,0.3125,0.125,0.72,0.595,0.375,0.595
33-9031.00,0.5625,0.5625,0.53,0.655,0.28,0.0625,0.6875,0.53,0.375,0.78
33-9032.00,0.5,0.6875,0.4375,0.5625,0.25,0.125,0.53,0.47,0.405,0.595
33-9091.00,0.3125,0.47,0.25,0.53,0.155,0,0.4375,0.3125,0.22,0.47
33-9092.00,0.47,0.53,0.375,0.625,0.095,0.125,0.5,0.4375,0.53,0.6875
33-9093.00,0.5,0.5625,0.47,0.595,0.22,0.1875,0.5625,0.47,0.375,0.595
33-9099.02,0.5625,0.625,0.53,0.625,0.405,0.0625,0.6875,0.5625,0.47,0.625
35-1011.00,0.625,0.655,0.53,0.72,0.5,0.1875,0.6875,0.595,0.5625,0.75
35-1012.00,0.5625,0.6875,0.5,0.72,0.5,0,0.53,0.5,0.53,0.72
35-2011.00,0.405,0.5,0.25,0.4375,0.25,0,0.405,0.345,0.25,0.405
35-2012.00,0.47,0.5,0.4375,0.53,0.47,0,0.5,0.47,0.4375,0.53
35-2013.00,0.5,0.5,0.47,0.5,0.3125,0.095,0.5625,0.47,0.4375,0.5
35-2014.00,0.4375,0.47,0.3125,0.5,0.3125,0.095,0.5,0.4375,0.25,0.5
35-2015.00,0.53,0.53,0.3125,0.5,0.28,0,0.47,0.345,0.25,0.47
35-2021.00,0.405,0.5,0.22,0.47,0.25,0,0.4375,0.25,0.25,0.375
35-3011.00,0.5,0.6875,0.4375,0.53,0.3125,0,0.53,0.5,0.47,0.5
35-3023.00,0.345,0.5,0.25,0.405,0.25,0,0.375,0.22,0.25,0.47
35-3023.01,0.5,0.625,0.405,0.595,0.28,0,0.47,0.405,0.345,0.5
35-3031.00,0.4375,0.625,0.28,0.625,0.28,0,0.47,0.375,0.25,0.5
35-3041.00,0.47,0.5,0.25,0.5,0.25,0,0.47,0.25,0.25,0.4375
35-9011.00,0.345,0.5,0.25,0.47,0.22,0,0.4375,0.28,0.25,0.47
35-9021.00,0.25,0.405,0.1875,0.375,0.125,0,0.375,0.22,0.25,0.375
35-9031.00,0.47,0.625,0.28,0.53,0.22,0,0.4375,0.405,0.25,0.47
37-1011.00,0.5,0.53,0.47,0.5625,0.28,0,0.53,0.47,0.53,0.5625
37-1012.00,0.53,0.72,0.5,0.6875,0.47,0.155,0.6875,0.53,0.53,0.75
37-2011.00,0.375,0.5,0.345,0.5,0.095,0,0.4375,0.405,0.28,0.4375
37-2012.00,0.405,0.4375,0.28,0.4375,0.22,0,0.4375,0.28,0.28,0.4375
37-2021.00,0.5,0.6875,0.655,0.655,0.405,0.25,0.6875,0.53,0.4375,0.655
37-3011.00,0.3125,0.4375,0.1875,0.47,0.1875,0.155,0.47,0.3125,0.28,0.375
37-3012.00,0.5,0.5625,0.375,0.53,0.3125,0.25,0.53,0.47,0.3125,0.47
37-3013.00,0.405,0.47,0.375,0.5,0.22,0.1875,0.5625,0.405,0.3125,0.53
39-1013.00,0.655,0.6875,0.595,0.6875,0.405,0.0625,0.655,0.5,0.4375,0.72
39-1022.00,0.655,0.72,0.5625,0.6875,0.28,0.095,0.72,0.53,0.53,0.5625
39-2011.00,0.47,0.53,0.47,0.625,0.22,0.1875,0.595,0.5625,0.625,0.53
39-2021.00,0.5,0.5,0.4375,0.47,0.25,0.125,0.4375,0.345,0.25,0.53
39-3011.00,0.5,0.595,0.3125,0.595,0.4375,0,0.4375,0.3125,0.25,0.5
39-3012.00,0.4375,0.625,0.47,0.53,0.5,0.0625,0.47,0.405,0.3125,0.53
39-3021.00,0.5,0.5,0.28,0.5,0.125,0,0.47,0.28,0.25,0.47
39-3031.00,0.4375,0.53,0.3125,0.5625,0.22,0,0.4375,0.405,0.155,0.4375
39-3091.00,0.345,0.5,0.375,0.5625,0.25,0,0.4375,0.345,0.28,0.47
39-3092.00,0.47,0.53,0.375,0.53,0.125,0,0.47,0.375,0.22,0.53
39-3093.00,0.405,0.625,0.3125,0.655,0.095,0,0.375,0.28,0.095,0.4375
39-4011.00,0.5,0.6875,0.53,0.72,0.25,0.405,0.53,0.5,0.28,0.5
39-4021.00,0.4375,0.53,0.3125,0.5,0.1875,0.0625,0.405,0.25,0.25,0.5
39-4031.00,0.5625,0.78,0.5625,0.6875,0.4375,0.1875,0.53,0.5,0.4375,0.5
39-5011.00,0.4375,0.595,0.25,0.53,0.22,0.0625,0.47,0.375,0.22,0.47
39-5012.00,0.5,0.72,0.47,0.6875,0.345,0.155,0.595,0.5625,0.47,0.5
39-5091.00,0.655,0.625,0.47,0.6875,0.28,0.125,0.5625,0.53,0.4375,0.53
39-5092.00,0.4375,0.5,0.28,0.5,0.22,0,0.375,0.4375,0.28,0.405
39-5093.00,0.375,0.53,0.345,0.5625,0.155,0,0.375,0.3125,0.25,0.4375
39-5094.00,0.53,0.625,0.47,0.6875,0.25,0.095,0.53,0.5,0.4375,0.5625
39-6011.00,0.47,0.655,0.4375,0.655,0.25,0,0.5,0.3125,0.3125,0.47
39-6012.00,0.5,0.75,0.4375,0.75,0.25,0,0.5,0.47,0.25,0.5
39-7011.00,0.5,0.5625,0.3125,0.72,0.25,0,0.47,0.3125,0.3125,0.5
39-7012.00,0.5625,0.72,0.53,0.75,0.375,0,0.53,0.53,0.4375,0.5
39-9011.00,0.5,0.53,0.5,0.53,0.28,0.03,0.53,0.5,0.5,0.625
39-9011.01,0.5,0.72,0.5,0.6875,0.155,0.155,0.655,0.5,0.5625,0.72
39-9031.00,0.5,0.5625,0.405,0.655,0.1875,0.1875,0.5,0.5,0.53,0.5
39-9032.00,0.53,0.75,0.53,0.75,0.28,0.155,0.5625,0.53,0.53,0.6875
39-9041.00,0.53,0.72,0.5,0.6875,0.25,0.095,0.655,0.5,0.4375,0.6875
41-1011.00,0.5,0.72,0.5,0.6875,0.4375,0,0.625,0.5,0.5,0.625
41-1012.00,0.655,0.75,0.655,0.75,0.5,0,0.655,0.625,0.5625,0.75
41-2011.00,0.4375,0.5,0.28,0.5,0.405,0.0625,0.4375,0.25,0.25,0.405
41-2012.00,0.53,0.5,0.4375,0.5,0.47,0,0.47,0.25,0.25,0.47
41-2021.00,0.5625,0.6875,0.5,0.595,0.3125,0,0.53,0.4375,0.28,0.5
41-2022.00,0.655,0.75,0.5,0.75,0.4375,0,0.5625,0.47,0.345,0.53
41-2031.00,0.5,0.6875,0.5,0.6875,0.405,0,0.53,0.5,0.405,0.5
41-3011.00,0.595,0.6875,0.53,0.78,0.4375,0,0.5625,0.47,0.405,0.5
41-3021.00,0.75,0.72,0.655,0.72,0.5,0.03,0.6875,0.5,0.4375,0.47
41-3031.00,0.625,0.6875,0.595,0.625,0.53,0.0625,0.6875,0.625,0.405,0.655
41-3041.00,0.75,0.78,0.53,0.75,0.47,0.0625,0.53,0.53,0.375,0.5
41-4011.00,0.6875,0.78,0.595,0.8125,0.47,0.125,0.595,0.625,0.4375,0.53
41-4012.00,0.595,0.75,0.5625,0.75,0.3125,0,0.625,0.53,0.3125,0.53
41-9011.00,0.5625,0.72,0.5,0.72,0.28,0,0.5,0.47,0.4375,0.5
41-9012.00,0.375,0.4375,0.25,0.4375,0.0625,0,0.405,0.22,0.03,0.22
41-9021.00,0.72,0.72,0.595,0.75,0.47,0.03,0.72,0.655,0.375,0.53
41-9022.00,0.595,0.75,0.595,0.75,0.53,0.03,0.655,0.53,0.375,0.5
41-9031.00,0.75,0.75,0.6875,0.78,0.5,0.28,0.75,0.6875,0.5,0.47
41-9041.00,0.5625,0.75,0.375,0.78,0.095,0,0.5,0.25,0.125,0.3125
41-9091.00,0.5,0.595,0.47,0.75,0.22,0,0.47,0.405,0.3125,0.4375
43-1011.00,0.75,0.75,0.6875,0.75,0.4375,0,0.72,0.6875,0.655,0.75
43-2011.00,0.5,0.75,0.4375,0.72,0.22,0,0.4375,0.375,0.25,0.47
43-2021.00,0.5,0.75,0.3125,0.75,0.22,0,0.5,0.3125,0.25,0.4375
43-3011.00,0.53,0.72,0.5625,0.72,0.405,0,0.53,0.47,0.28,0.5
43-3021.00,0.655,0.53,0.5,0.53,0.5625,0.03,0.53,0.4375,0.345,0.53
43-3031.00,0.5625,0.5625,0.53,0.53,0.595,0.03,0.5625,0.4375,0.25,0.5
43-3041.00,0.5,0.5625,0.5,0.625,0.5625,0,0.5,0.345,0.345,0.5
43-3051.00,0.72,0.6875,0.53,0.53,0.5625,0,0.53,0.4375,0.3125,0.5
43-3061.00,0.75,0.72,0.655,0.75,0.5,0,0.6875,0.5625,0.345,0.655
43-3071.00,0.53,0.625,0.5,0.5625,0.5,0,0.53,0.47,0.3125,0.53
43-4011.00,0.6875,0.72,0.53,0.72,0.5,0,0.595,0.5,0.405,0.53
43-4021.00,0.6875,0.6875,0.75,0.625,0.4375,0.0625,0.595,0.4375,0.405,0.47
43-4031.00,0.595,0.655,0.595,0.655,0.345,0.03,0.5625,0.405,0.375,0.5
43-4041.00,0.655,0.655,0.53,0.655,0.375,0.03,0.5625,0.405,0.375,0.5
43-4051.00,0.595,0.75,0.5,0.72,0.3125,0,0.5625,0.47,0.405,0.5
43-4061.00,0.72,0.75,0.6875,0.8125,0.3125,0.0625,0.625,0.53,0.375,0.53
43-4071.00,0.72,0.595,0.53,0.5625,0.28,0,0.5,0.47,0.3125,0.53
43-4081.00,0.5,0.595,0.47,0.6875,0.405,0,0.47,0.4375,0.405,0.5
43-4111.00,0.625,0.75,0.5625,0.72,0.3125,0,0.5625,0.47,0.47,0.5
43-4121.00,0.5625,0.5625,0.5,0.5,0.28,0,0.5,0.3125,0.375,0.47
43-4131.00,0.72,0.78,0.655,0.75,0.53,0.03,0.6875,0.595,0.405,0.5
43-4141.00,0.625,0.75,0.5,0.75,0.47,0,0.53,0.4375,0.375,0.53
43-4151.00,0.625,0.75,0.53,0.72,0.5,0,0.53,0.5,0.345,0.53
43-4161.00,0.75,0.75,0.625,0.6875,0.25,0.03,0.595,0.5,0.375,0.595
43-4171.00,0.53,0.6875,0.5,0.72,0.25,0,0.53,0.4375,0.28,0.47
43-4181.00,0.625,0.75,0.53,0.75,0.405,0,0.595,0.5,0.405,0.5
43-5011.00,0.5625,0.625,0.5,0.655,0.3125,0,0.5625,0.4375,0.25,0.5
43-5011.01,0.6875,0.595,0.5625,0.5625,0.5,0,0.595,0.53,0.4375,0.625
43-5021.00,0.5,0.5625,0.5,0.5625,0.375,0.03,0.5,0.405,0.28,0.4375
43-5031.00,0.655,0.845,0.5,0.78,0.25,0.095,0.6875,0.53,0.4375,0.53
43-5032.00,0.6875,0.75,0.53,0.75,0.28,0.03,0.53,0.5,0.4375,0.72
43-5041.00,0.5,0.5,0.405,0.5,0.345,0.03,0.5,0.4375,0.345,0.47
43-5051.00,0.53,0.595,0.47,0.5625,0.4375,0,0.5,0.405,0.28,0.5
43-5052.00,0.405,0.5,0.28,0.5,0.155,0,0.5,0.25,0.1875,0.405
43-5053.00,0.5,0.47,0.3125,0.5,0.25,0,0.5,0.28,0.28,0.53
43-5061.00,0.655,0.625,0.53,0.655,0.405,0.03,0.595,0.4375,0.345,0.53
43-5071.00,0.53,0.53,0.405,0.5625,0.3125,0,0.5,0.345,0.28,0.5
43-5111.00,0.5625,0.5,0.47,0.53,0.47,0.125,0.595,0.4375,0.4375,0.53
43-6011.00,0.75,0.75,0.6875,0.72,0.4375,0.095,0.5625,0.53,0.47,0.53
43-6012.00,0.75,0.75,0.72,0.6875,0.28,0,0.5,0.4375,0.3125,0.5
43-6013.00,0.625,0.72,0.53,0.75,0.28,0.03,0.53,0.3125,0.28,0.5
43-6014.00,0.72,0.75,0.6875,0.75,0.25,0,0.5,0.47,0.28,0.53
43-9021.00,0.655,0.595,0.5,0.47,0.25,0,0.47,0.4375,0.28,0.5625
43-9022.00,0.625,0.5625,0.5625,0.5,0.405,0,0.4375,0.3125,0.22,0.5
43-9031.00,0.6875,0.625,0.53,0.625,0.25,0,0.6875,0.5,0.47,0.5
43-9041.00,0.625,0.5625,0.53,0.595,0.345,0.03,0.5625,0.405,0.405,0.5
43-9051.00,0.5,0.47,0.47,0.5,0.3125,0.03,0.5,0.3125,0.28,0.5
43-9061.00,0.6875,0.6875,0.53,0.655,0.28,0,0.5,0.4375,0.28,0.47
43-9071.00,0.53,0.5,0.47,0.5,0.375,0,0.5,0.4375,0.25,0.5
43-9081.00,0.8125,0.53,0.655,0.5625,0.22,0.03,0.5,0.375,0.25,0.47
43-9111.00,0.6875,0.595,0.625,0.595,0.845,0.28,0.6875,0.655,0.47,0.5
45-1011.00,0.625,0.595,0.53,0.655,0.47,0.3125,0.6875,0.5,0.5625,0.655
45-2011.00,0.6875,0.6875,0.53,0.625,0.405,0.4375,0.655,0.5625,0.47,0.6875
45-2021.00,0.47,0.5,0.4375,0.5,0.28,0.5,0.5625,0.5,0.28,0.5
45-2041.00,0.3125,0.4375,0.3125,0.4375,0.155,0.0625,0.375,0.28,0.155,0.47
45-2091.00,0.3125,0.5,0.28,0.4375,0.22,0.155,0.47,0.3125,0.1875,0.4375
45-2092.00,0.4375,0.47,0.4375,0.5,0.28,0.0625,0.4375,0.405,0.375,0.4375
45-2093.00,0.5,0.53,0.405,0.5,0.28,0.22,0.595,0.47,0.28,0.5625
45-3031.00,0.4375,0.4375,0.3125,0.5,0.28,0.155,0.53,0.375,0.4375,0.47
45-4011.00,0.5,0.5,0.405,0.5,0.28,0.25,0.53,0.5,0.405,0.53
45-4021.00,0.25,0.47,0.22,0.405,0.345,0.1875,0.5625,0.345,0.095,0.5625
45-4022.00,0.375,0.5,0.4375,0.4375,0.345,0.125,0.47,0.3125,0.3125,0.5
45-4023.00,0.47,0.5625,0.5,0.53,0.4375,0.1875,0.5625,0.5,0.345,0.5
47-1011.00,0.595,0.6875,0.5,0.6875,0.4375,0.155,0.655,0.5,0.53,0.595
47-2011.00,0.5,0.5,0.405,0.5,0.28,0.1875,0.625,0.5,0.4375,0.5
47-2021.00,0.4375,0.5,0.3125,0.5,0.47,0.1875,0.53,0.47,0.28,0.5
47-2022.00,0.5,0.5,0.405,0.5,0.5,0.155,0.625,0.4375,0.405,0.5
47-2031.00,0.53,0.595,0.47,0.53,0.5,0.095,0.595,0.5,0.4375,0.595
47-2041.00,0.405,0.47,0.25,0.47,0.5,0,0.5,0.405,0.345,0.53
47-2042.00,0.345,0.53,0.345,0.53,0.28,0.0625,0.47,0.4375,0.28,0.47
47-2043.00,0.405,0.5,0.28,0.4375,0.25,0.03,0.4375,0.405,0.28,0.47
47-2044.00,0.47,0.53,0.25,0.5,0.5,0.03,0.5,0.345,0.28,0.4375
47-2051.00,0.345,0.5,0.25,0.53,0.405,0.0625,0.5,0.28,0.345,0.5625
47-2053.00,0.28,0.375,0.22,0.47,0.345,0.155,0.405,0.345,0.28,0.4375
47-2061.00,0.4375,0.53,0.3125,0.5625,0.25,0.125,0.4375,0.28,0.28,0.405
47-2071.00,0.375,0.47,0.22,0.47,0.25,0.03,0.5,0.405,0.3125,0.5625
47-2072.00,0.375,0.5,0.3125,0.4375,0.28,0.095,0.47,0.25,0.22,0.5625
47-2073.00,0.47,0.5,0.25,0.47,0.25,0.125,0.47,0.47,0.28,0.53
47-2081.00,0.4375,0.4375,0.28,0.47,0.3125,0.03,0.5,0.28,0.25,0.47
47-2082.00,0.3125,0.47,0.25,0.47,0.155,0.03,0.405,0.3125,0.28,0.47
47-2111.00,0.53,0.595,0.5,0.595,0.5,0.25,0.595,0.5625,0.5,0.53
47-2121.00,0.5,0.47,0.3125,0.5,0.25,0.125,0.5,0.3125,0.28,0.4375
47-2131.00,0.405,0.5,0.28,0.5,0.3125,0,0.5,0.405,0.28,0.47
47-2132.00,0.4375,0.5,0.25,0.47,0.28,0.095,0.5,0.4375,0.28,0.5
47-2141.00,0.4375,0.5,0.25,0.345,0.25,0.125,0.5,0.25,0.25,0.47
47-2142.00,0.345,0.5,0.25,0.5,0.25,0.0625,0.47,0.25,0.25,0.4375
47-2151.00,0.47,0.5,0.25,0.5,0.25,0,0.5,0.25,0.28,0.405
47-2152.00,0.47,0.47,0.4375,0.5,0.405,0.1875,0.625,0.405,0.345,0.53
47-2161.00,0.4375,0.5,0.28,0.47,0.25,0.03,0.4375,0.4375,0.405,0.47
47-2171.00,0.405,0.405,0.22,0.405,0.345,0.0625,0.5,0.345,0.3125,0.47
47-2181.00,0.4375,0.53,0.25,0.5,0.3125,0.0625,0.53,0.405,0.28,0.5
47-2211.00,0.53,0.5,0.3125,0.5,0.5,0.155,0.53,0.47,0.375,0.53
47-2221.00,0.4375,0.53,0.3125,0.5,0.28,0.03,0.53,0.5,0.47,0.5
47-2231.00,0.5,0.53,0.3125,0.47,0.405,0.22,0.5625,0.5,0.405,0.53
47-3011.00,0.345,0.47,0.25,0.4375,0.3125,0.0625,0.5,0.345,0.3125,0.5
47-3012.00,0.47,0.5,0.3125,0.5,0.345,0,0.5,0.47,0.28,0.5
47-3013.00,0.375,0.5625,0.345,0.53,0.28,0.22,0.53,0.47,0.3125,0.4375
47-3014.00,0.28,0.47,0.25,0.5,0.03,0.03,0.4375,0.345,0.3125,0.4375
47-3015.00,0.345,0.47,0.25,0.375,0.3125,0.03,0.47,0.405,0.25,0.47
47-3016.00,0.345,0.5,0.3125,0.47,0.3125,0,0.47,0.405,0.3125,0.5
47-4011.00,0.75,0.6875,0.53,0.6875,0.5,0.375,0.72,0.53,0.5,0.5
47-4021.00,0.53,0.595,0.4375,0.5,0.3125,0.22,0.655,0.53,0.345,0.53
47-4031.00,0.375,0.5,0.25,0.5,0.3125,0.03,0.5,0.3125,0.3125,0.5
47-4041.00,0.53,0.5625,0.5,0.53,0.25,0.25,0.625,0.5,0.375,0.655
47-4051.00,0.4375,0.5,0.28,0.5,0.28,0,0.47,0.345,0.25,0.53
47-4061.00,0.345,0.5,0.3125,0.47,0.3125,0.0625,0.53,0.405,0.375,0.53
47-4071.00,0.4375,0.5,0.375,0.4375,0.345,0.0625,0.53,0.4375,0.405,0.47
47-4091.00,0.4375,0.625,0.405,0.625,0.25,0.03,0.5625,0.405,0.345,0.47
47-5011.00,0.47,0.5625,0.4375,0.595,0.345,0.0625,0.625,0.4375,0.4375,0.595
47-5012.00,0.53,0.595,0.5,0.5625,0.345,0.0625,0.655,0.47,0.5,0.625
47-5013.00,0.5,0.595,0.5,0.5,0.4375,0.095,0.6875,0.5,0.47,0.655
47-5022.00,0.5,0.5,0.375,0.5,0.3125,0,0.5,0.5,0.345,0.53
47-5023.00,0.4375,0.5,0.345,0.5,0.3125,0.155,0.5625,0.4375,0.3125,0.53
47-5032.00,0.53,0.72,0.47,0.595,0.375,0.22,0.655,0.53,0.5,0.6875
47-5041.00,0.4375,0.5,0.28,0.5,0.25,0.095,0.5625,0.4375,0.345,0.5
47-5043.00,0.345,0.53,0.28,0.5,0.28,0.125,0.595,0.47,0.3125,0.5625
47-5044.00,0.47,0.5,0.25,0.5,0.25,0,0.5,0.28,0.28,0.47
47-5051.00,0.4375,0.5,0.28,0.405,0.22,0.03,0.4375,0.28,0.25,0.47
47-5071.00,0.28,0.47,0.28,0.4375,0.25,0,0.53,0.375,0.3125,0.5
47-5081.00,0.4375,0.5,0.345,0.47,0.375,0.095,0.53,0.47,0.405,0.6875
49-1011.00,0.655,0.655,0.5,0.6875,0.47,0.1875,0.6875,0.5625,0.53,0.75
49-2011.00,0.53,0.655,0.5,0.5625,0.22,0.22,0.625,0.5,0.405,0.5
49-2021.00,0.5625,0.5625,0.5,0.5625,0.4375,0.1875,0.5625,0.5,0.405,0.53
49-2022.00,0.595,0.625,0.5,0.5625,0.3125,0.25,0.655,0.53,0.47,0.595
49-2091.00,0.5625,0.595,0.5625,0.595,0.28,0.47,0.6875,0.5,0.405,0.53
49-2092.00,0.5,0.53,0.47,0.5,0.405,0.28,0.6875,0.47,0.4375,0.47
49-2093.00,0.53,0.595,0.5,0.5,0.28,0.28,0.655,0.3125,0.28,0.53
49-2094.00,0.53,0.53,0.5,0.53,0.4375,0.4375,0.6875,0.5,0.47,0.53
49-2095.00,0.595,0.53,0.47,0.53,0.3125,0.405,0.6875,0.47,0.3125,0.5
49-2096.00,0.53,0.595,0.47,0.5,0.3125,0.22,0.625,0.4375,0.375,0.47
49-2097.00,0.53,0.53,0.4375,0.595,0.3125,0.1875,0.53,0.47,0.405,0.47
49-2098.00,0.53,0.5625,0.47,0.595,0.28,0.1875,0.595,0.47,0.345,0.5
49-3011.00,0.78,0.625,0.5,0.5625,0.47,0.345,0.75,0.53,0.4375,0.655
49-3021.00,0.47,0.5,0.345,0.5,0.28,0.0625,0.5,0.47,0.3125,0.5
49-3022.00,0.375,0.47,0.345,0.5,0.25,0.125,0.47,0.405,0.345,0.47
49-3023.00,0.47,0.5625,0.4375,0.53,0.3125,0.125,0.625,0.4375,0.405,0.5625
49-3031.00,0.47,0.5,0.405,0.53,0.25,0.1875,0.5625,0.4375,0.4375,0.5
49-3041.00,0.5,0.53,0.47,0.53,0.405,0.25,0.625,0.5,0.4375,0.53
49-3042.00,0.53,0.5,0.5,0.5,0.47,0.22,0.5625,0.5,0.405,0.5
49-3043.00,0.47,0.5,0.47,0.5,0.28,0.1875,0.5625,0.4375,0.405,0.47
49-3051.00,0.4375,0.53,0.375,0.5,0.3125,0.25,0.595,0.345,0.25,0.47
49-3052.00,0.5,0.53,0.4375,0.53,0.3125,0.22,0.53,0.53,0.405,0.53
49-3053.00,0.47,0.53,0.405,0.47,0.25,0.1875,0.5625,0.4375,0.375,0.47
49-3091.00,0.5,0.655,0.47,0.595,0.28,0.0625,0.655,0.47,0.4375,0.47
49-3092.00,0.5,0.5,0.405,0.5,0.25,0.155,0.5,0.5,0.25,0.47
49-3093.00,0.375,0.5,0.3125,0.5,0.25,0,0.5,0.3125,0.28,0.47
49-9011.00,0.53,0.53,0.4375,0.53,0.375,0,0.625,0.5,0.405,0.5
49-9012.00,0.5,0.53,0.5,0.53,0.28,0.1875,0.595,0.47,0.375,0.53
49-9021.00,0.595,0.5625,0.47,0.53,0.375,0.1875,0.625,0.53,0.4375,0.53
49-9031.00,0.53,0.595,0.4375,0.625,0.28,0.1875,0.6875,0.47,0.28,0.47
49-9041.00,0.47,0.53,0.4375,0.5,0.345,0.1875,0.655,0.53,0.405,0.53
49-9043.00,0.5,0.5,0.345,0.47,0.25,0.1875,0.5,0.4375,0.28,0.4375
49-9044.00,0.5,0.53,0.4375,0.5,0.405,0.1875,0.655,0.4375,0.47,0.53
49-9045.00,0.47,0.5,0.375,0.4375,0.25,0,0.47,0.345,0.3125,0.4375
49-9051.00,0.5,0.595,0.375,0.47,0.25,0.1875,0.53,0.5,0.4375,0.5625
49-9052.00,0.47,0.5,0.405,0.53,0.25,0.1875,0.53,0.4375,0.3125,0.5
49-9061.00,0.53,0.53,0.405,0.5,0.345,0.28,0.625,0.5,0.405,0.47
49-9062.00,0.53,0.5,0.4375,0.47,0.47,0.28,0.53,0.5,0.405,0.47
49-9063.00,0.5,0.5,0.4375,0.5,0.25,0.155,0.655,0.4375,0.345,0.47
49-9064.00,0.47,0.5,0.3125,0.5,0.25,0.1875,0.53,0.3125,0.25,0.405
49-9071.00,0.5,0.5,0.47,0.5,0.345,0.22,0.5625,0.53,0.3125,0.53
49-9081.00,0.5625,0.53,0.47,0.53,0.28,0.25,0.625,0.53,0.5,0.5625
49-9091.00,0.47,0.47,0.405,0.47,0.25,0.155,0.47,0.405,0.22,0.47
49-9092.00,0.5625,0.6875,0.5,0.655,0.28,0.375,0.72,0.5,0.47,0.53
49-9094.00,0.5,0.53,0.4375,0.53,0.405,0,0.595,0.405,0.345,0.405
49-9095.00,0.53,0.595,0.405,0.595,0.405,0.155,0.6875,0.595,0.595,0.625
49-9096.00,0.53,0.53,0.345,0.5,0.155,0.095,0.53,0.405,0.155,0.53
49-9097.00,0.47,0.5,0.47,0.47,0.375,0.1875,0.6875,0.47,0.405,0.47
49-9098.00,0.405,0.53,0.28,0.5,0.25,0.03,0.53,0.405,0.375,0.53
51-1011.00,0.625,0.72,0.53,0.72,0.345,0.125,0.6875,0.53,0.53,0.6875
51-2011.00,0.5,0.53,0.4375,0.5,0.375,0.1875,0.53,0.47,0.405,0.53
51-2021.00,0.47,0.5,0.28,0.47,0.1875,0,0.47,0.3125,0.25,0.53
51-2022.00,0.5625,0.5,0.47,0.47,0.28,0.22,0.5,0.405,0.28,0.53
51-2023.00,0.5,0.47,0.375,0.5,0.25,0.25,0.5,0.345,0.22,0.47
51-2031.00,0.53,0.5,0.3125,0.5,0.25,0.22,0.5,0.345,0.25,0.5
51-2041.00,0.5,0.5,0.3125,0.5,0.28,0.1875,0.5,0.3125,0.1875,0.47
51-2051.00,0.5,0.5,0.47,0.5,0.345,0.1875,0.47,0.47,0.405,0.53
51-2061.00,0.4375,0.47,0.375,0.4375,0.25,0.25,0.47,0.28,0.28,0.47
51-2092.00,0.5,0.53,0.4375,0.5,0.25,0,0.5,0.3125,0.345,0.53
51-3011.00,0.47,0.5,0.3125,0.5,0.3125,0.1875,0.5,0.5,0.3125,0.5625
51-3021.00,0.5,0.53,0.3125,0.5,0.345,0.0625,0.5,0.375,0.3125,0.5
51-3022.00,0.345,0.53,0.28,0.5,0.3125,0,0.5,0.345,0.3125,0.5
51-3023.00,0.22,0.405,0.1875,0.4375,0.1875,0,0.345,0.25,0.25,0.3125
51-3091.00,0.53,0.53,0.47,0.5,0.125,0.1875,0.53,0.375,0.375,0.625
51-3092.00,0.53,0.5,0.47,0.5,0.4375,0.25,0.53,0.4375,0.28,0.47
51-3093.00,0.53,0.5,0.4375,0.405,0.25,0.22,0.5,0.405,0.28,0.53
51-4021.00,0.47,0.47,0.405,0.5,0.375,0.22,0.53,0.405,0.3125,0.53
51-4022.00,0.53,0.53,0.4375,0.47,0.28,0.095,0.47,0.345,0.345,0.53
51-4023.00,0.5,0.53,0.405,0.5625,0.345,0.095,0.53,0.5,0.47,0.625
51-4031.00,0.4375,0.5,0.375,0.5,0.25,0.125,0.5,0.4375,0.25,0.5
51-4032.00,0.53,0.5,0.3125,0.5,0.375,0.1875,0.5,0.4375,0.28,0.53
51-4033.00,0.53,0.47,0.345,0.5,0.4375,0.125,0.5,0.405,0.3125,0.53
51-4034.00,0.5,0.5,0.3125,0.4375,0.28,0.1875,0.405,0.25,0.25,0.5
51-4035.00,0.47,0.5,0.405,0.47,0.405,0.095,0.53,0.405,0.28,0.53
51-4041.00,0.47,0.5,0.375,0.5,0.47,0.125,0.53,0.4375,0.28,0.53
51-4051.00,0.5,0.5,0.4375,0.5,0.375,0.25,0.5,0.47,0.3125,0.655
51-4052.00,0.4375,0.5,0.25,0.4375,0.25,0.22,0.5,0.3125,0.3125,0.5
51-4061.00,0.47,0.4375,0.345,0.405,0.405,0.155,0.5625,0.375,0.25,0.53
51-4062.00,0.5,0.5,0.3125,0.5,0.345,0.125,0.5,0.405,0.28,0.5
51-4071.00,0.3125,0.47,0.25,0.405,0.25,0.0625,0.47,0.345,0.25,0.5
51-4072.00,0.53,0.5625,0.405,0.5,0.3125,0.03,0.5,0.47,0.3125,0.53
51-4081.00,0.5,0.5,0.4375,0.5,0.3125,0.0625,0.5,0.47,0.345,0.53
51-4111.00,0.47,0.5,0.3125,0.47,0.4375,0.1875,0.53,0.5,0.28,0.53
51-4121.00,0.375,0.405,0.1875,0.405,0.28,0.155,0.47,0.3125,0.25,0.5
51-4122.00,0.5,0.5,0.3125,0.5,0.28,0.1875,0.5,0.405,0.25,0.5
51-4191.00,0.47,0.53,0.47,0.53,0.47,0.25,0.5,0.4375,0.405,0.53
51-4192.00,0.5,0.47,0.375,0.47,0.53,0.0625,0.5,0.4375,0.28,0.5
51-4193.00,0.53,0.53,0.4375,0.5,0.25,0.25,0.5,0.28,0.3125,0.53
51-4194.00,0.47,0.4375,0.375,0.375,0.4375,0.03,0.5625,0.4375,0.375,0.5
51-5111.00,0.5,0.53,0.47,0.53,0.25,0.155,0.53,0.47,0.345,0.53
51-5112.00,0.53,0.53,0.345,0.53,0.28,0,0.53,0.47,0.28,0.5625
51-5113.00,0.53,0.47,0.4375,0.5,0.28,0.03,0.5625,0.375,0.375,0.53
51-6011.00,0.4375,0.5,0.28,0.47,0.155,0,0.4375,0.405,0.3125,0.5
51-6021.00,0.25,0.25,0.1875,0.28,0.155,0,0.375,0.28,0.1875,0.345
51-6031.00,0.405,0.4375,0.25,0.28,0.25,0,0.4375,0.28,0.28,0.53
51-6041.00,0.47,0.5,0.28,0.5,0.22,0,0.5,0.345,0.155,0.5
51-6042.00,0.53,0.5,0.28,0.4375,0.25,0.03,0.5,0.28,0.28,0.5
51-6051.00,0.375,0.405,0.22,0.405,0.25,0,0.375,0.345,0.25,0.405
51-6052.00,0.405,0.5,0.375,0.5,0.22,0,0.5,0.405,0.25,0.4375
51-6061.00,0.47,0.5,0.375,0.47,0.375,0.155,0.47,0.28,0.25,0.5
51-6062.00,0.4375,0.5,0.405,0.5,0.28,0,0.47,0.375,0.25,0.53
51-6063.00,0.4375,0.5,0.345,0.47,0.22,0.03,0.47,0.25,0.28,0.53
51-6064.00,0.375,0.5,0.345,0.53,0.25,0,0.5,0.345,0.345,0.5
51-6091.00,0.47,0.5,0.405,0.5,0.25,0.0625,0.47,0.4375,0.3125,0.625
51-6092.00,0.53,0.595,0.5,0.53,0.53,0.03,0.6875,0.53,0.5,0.53
51-6093.00,0.53,0.5,0.405,0.5,0.375,0.0625,0.625,0.5,0.4375,0.5
51-7011.00,0.47,0.47,0.345,0.5,0.47,0.095,0.5,0.4375,0.3125,0.53
51-7021.00,0.4375,0.53,0.345,0.5,0.25,0.03,0.53,0.4375,0.375,0.53
51-7031.00,0.5,0.47,0.405,0.5,0.345,0.155,0.5,0.4375,0.3125,0.53
51-7032.00,0.53,0.5,0.405,0.47,0.5,0.1875,0.5,0.4375,0.28,0.53
51-7041.00,0.345,0.4375,0.1875,0.405,0.25,0.0625,0.5,0.28,0.25,0.5
51-7042.00,0.4375,0.47,0.22,0.5,0.345,0.125,0.5,0.375,0.3125,0.53
51-8011.00,0.75,0.72,0.625,0.5625,0.4375,0.4375,0.72,0.53,0.5,0.72
51-8012.00,0.655,0.655,0.53,0.625,0.4375,0.22,0.655,0.5,0.4375,0.655
51-8013.00,0.53,0.5625,0.5,0.595,0.25,0.25,0.6875,0.47,0.345,0.5625
51-8021.00,0.53,0.5625,0.47,0.5,0.28,0.3125,0.5625,0.53,0.28,0.53
51-8031.00,0.5,0.53,0.4375,0.53,0.47,0.405,0.5,0.4375,0.4375,0.655
51-8091.00,0.5625,0.595,0.5,0.53,0.405,0.47,0.625,0.5625,0.47,0.655
51-8092.00,0.53,0.5,0.5,0.5,0.47,0.25,0.625,0.47,0.4375,0.655
51-8093.00,0.625,0.5,0.5,0.53,0.405,0.25,0.5,0.5,0.47,0.655
51-9011.00,0.595,0.595,0.5,0.53,0.47,0.405,0.595,0.5,0.4375,0.6875
51-9012.00,0.5,0.5,0.47,0.47,0.405,0.375,0.53,0.47,0.4375,0.53
51-9021.00,0.5,0.5,0.47,0.5,0.345,0.22,0.47,0.4375,0.375,0.53
51-9022.00,0.4375,0.47,0.345,0.47,0.28,0.03,0.47,0.345,0.28,0.4375
51-9023.00,0.53,0.47,0.4375,0.5,0.345,0.22,0.53,0.4375,0.405,0.53
51-9031.00,0.4375,0.47,0.28,0.47,0.25,0,0.405,0.28,0.25,0.4375
51-9032.00,0.53,0.47,0.345,0.405,0.405,0.125,0.5,0.405,0.28,0.5625
51-9041.00,0.5,0.5,0.4375,0.53,0.28,0.1875,0.5,0.405,0.28,0.595
51-9051.00,0.53,0.53,0.405,0.53,0.3125,0.22,0.53,0.345,0.28,0.53
51-9061.00,0.53,0.53,0.5625,0.53,0.405,0.155,0.5625,0.345,0.25,0.5
51-9071.00,0.4375,0.53,0.375,0.5,0.25,0.0625,0.5,0.345,0.3125,0.4375
51-9071.06,0.47,0.53,0.405,0.53,0.4375,0.095,0.5,0.375,0.3125,0.5
51-9081.00,0.595,0.5,0.47,0.5,0.25,0.28,0.5625,0.5,0.47,0.5
51-9082.00,0.655,0.72,0.5,0.655,0.4375,0.22,0.6875,0.5,0.47,0.5625
51-9083.00,0.5,0.47,0.4375,0.47,0.28,0.1875,0.5,0.4375,0.375,0.5
51-9111.00,0.47,0.5,0.405,0.4375,0.28,0,0.47,0.345,0.28,0.53
51-9123.00,0.4375,0.47,0.3125,0.4375,0.22,0,0.4375,0.28,0.25,0.47
51-9124.00,0.405,0.405,0.3125,0.405,0.25,0.03,0.4375,0.375,0.405,0.53
51-9141.00,0.595,0.5625,0.4375,0.47,0.22,0.22,0.595,0.375,0.3125,0.5625
51-9151.00,0.5625,0.595,0.4375,0.5625,0.25,0.155,0.53,0.47,0.375,0.53
51-9161.00,0.47,0.53,0.405,0.5,0.4375,0.155,0.655,0.47,0.405,0.655
51-9162.00,0.5,0.5,0.47,0.5,0.53,0.22,0.5,0.47,0.405,0.625
51-9191.00,0.5,0.53,0.4375,0.53,0.375,0.125,0.47,0.405,0.3125,0.53
51-9192.00,0.4375,0.47,0.3125,0.47,0.25,0.125,0.47,0.28,0.3125,0.47
51-9193.00,0.5,0.5,0.47,0.53,0.345,0.1875,0.655,0.5,0.375,0.625
51-9194.00,0.53,0.5,0.3125,0.5,0.25,0.03,0.5,0.345,0.3125,0.53
51-9195.00,0.47,0.47,0.405,0.4375,0.25,0,0.405,0.3125,0.28,0.4375
51-9195.03,0.47,0.5,0.3125,0.47,0.3125,0.095,0.5,0.375,0.3125,0.47
51-9195.04,0.5,0.5,0.405,0.4375,0.405,0.1875,0.5,0.47,0.405,0.5625
51-9195.05,0.4375,0.5,0.345,0.47,0.28,0.125,0.5,0.25,0.1875,0.5
51-9196.00,0.4375,0.5,0.3125,0.5,0.28,0,0.5,0.47,0.25,0.5
51-9197.00,0.3125,0.5,0.25,0.405,0.22,0,0.5,0.25,0.25,0.5
51-9198.00,0.405,0.47,0.22,0.4375,0.25,0.0625,0.4375,0.25,0.25,0.47
53-1041.00,0.5625,0.655,0.53,0.655,0.5,0.125,0.6875,0.5,0.625,0.655
53-1042.00,0.53,0.625,0.53,0.655,0.3125,0.095,0.595,0.4375,0.5,0.595
53-1043.00,0.655,0.75,0.595,0.72,0.4375,0.0625,0.655,0.53,0.53,0.625
53-2011.00,0.72,0.78,0.53,0.6875,0.53,0.4375,0.78,0.6875,0.5,0.78
53-2012.00,0.6875,0.72,0.5,0.6875,0.4375,0.405,0.75,0.655,0.53,0.78
53-2021.00,0.6875,0.845,0.53,0.8125,0.47,0.1875,0.78,0.6875,0.53,0.75
53-2022.00,0.6875,0.75,0.595,0.6875,0.28,0.155,0.6875,0.5625,0.5,0.75
53-2031.00,0.53,0.72,0.5,0.78,0.25,0.095,0.53,0.53,0.4375,0.72
53-3011.00,0.53,0.595,0.47,0.53,0.25,0.155,0.625,0.53,0.345,0.5
53-3031.00,0.5,0.6875,0.4375,0.655,0.405,0,0.53,0.4375,0.25,0.47
53-3032.00,0.5,0.47,0.4375,0.5,0.25,0,0.5,0.375,0.25,0.53
53-3033.00,0.53,0.53,0.4375,0.53,0.3125,0.03,0.5,0.28,0.25,0.53
53-3051.00,0.5,0.595,0.405,0.53,0.1875,0,0.595,0.375,0.345,0.595
53-3052.00,0.4375,0.53,0.375,0.5,0.25,0,0.53,0.405,0.28,0.5
53-3053.00,0.47,0.595,0.375,0.53,0.22,0,0.5625,0.405,0.3125,0.5625
53-4011.00,0.595,0.6875,0.5,0.655,0.375,0.095,0.655,0.53,0.47,0.655
53-4013.00,0.53,0.595,0.47,0.625,0.345,0.125,0.5625,0.5,0.4375,0.655
53-4022.00,0.53,0.5625,0.405,0.47,0.28,0,0.5625,0.405,0.405,0.625
53-4031.00,0.53,0.625,0.5,0.6875,0.3125,0.125,0.655,0.5,0.4375,0.6875
53-4041.00,0.53,0.655,0.4375,0.595,0.345,0,0.5,0.5,0.405,0.5625
53-5011.00,0.47,0.53,0.4375,0.5,0.375,0.22,0.53,0.47,0.375,0.5625
53-5021.00,0.5625,0.595,0.53,0.625,0.345,0.22,0.595,0.53,0.47,0.625
53-5022.00,0.47,0.53,0.375,0.595,0.3125,0.125,0.53,0.4375,0.345,0.595
53-5031.00,0.53,0.655,0.5,0.625,0.345,0.22,0.72,0.5625,0.4375,0.655
53-6011.00,0.47,0.5,0.47,0.5,0.25,0.03,0.5,0.345,0.375,0.5625
53-6021.00,0.375,0.5625,0.4375,0.625,0.4375,0,0.47,0.3125,0.28,0.4375
53-6031.00,0.4375,0.53,0.405,0.53,0.345,0.095,0.5,0.375,0.3125,0.4375
53-6041.00,0.5625,0.655,0.53,0.5625,0.47,0.4375,0.5625,0.5,0.405,0.53
53-6051.00,0.655,0.625,0.655,0.655,0.405,0.095,0.655,0.4375,0.405,0.595
53-6051.01,0.72,0.72,0.655,0.72,0.3125,0.47,0.75,0.53,0.47,0.595
53-6051.07,0.5,0.53,0.405,0.5,0.25,0.345,0.5,0.4375,0.25,0.47
53-6061.00,0.5,0.6875,0.375,0.6875,0.28,0,0.47,0.405,0.155,0.5625
53-7011.00,0.47,0.53,0.4375,0.5,0.25,0.1875,0.5,0.4375,0.28,0.595
53-7021.00,0.5,0.53,0.405,0.5,0.405,0.03,0.5625,0.47,0.3125,0.53
53-7031.00,0.375,0.47,0.28,0.47,0.25,0.0625,0.5,0.375,0.345,0.47
53-7041.00,0.4375,0.595,0.3125,0.53,0.405,0.0625,0.6875,0.47,0.375,0.655
53-7051.00,0.47,0.47,0.375,0.4375,0.28,0.0625,0.4375,0.28,0.28,0.4375
53-7061.00,0.3125,0.375,0.22,0.405,0.155,0.0625,0.3125,0.25,0.22,0.4375
53-7062.00,0.4375,0.47,0.3125,0.4375,0.25,0,0.375,0.25,0.28,0.4375
53-7063.00,0.4375,0.4375,0.345,0.4375,0.28,0.0625,0.375,0.25,0.25,0.5
53-7064.00,0.405,0.4375,0.25,0.405,0.25,0,0.4375,0.28,0.25,0.5
53-7065.00,0.5,0.5625,0.375,0.47,0.25,0.03,0.4375,0.345,0.3125,0.47
53-7071.00,0.53,0.53,0.5,0.5,0.3125,0.22,0.655,0.47,0.3125,0.53
53-7072.00,0.53,0.53,0.47,0.53,0.345,0.25,0.53,0.47,0.28,0.625
53-7073.00,0.4375,0.47,0.405,0.5,0.3125,0.03,0.53,0.345,0.22,0.53
53-7081.00,0.405,0.47,0.375,0.47,0,0,0.4375,0.3125,0.095,0.375
53-7121.00,0.5625,0.5,0.5,0.5,0.375,0.125,0.5,0.4375,0.375,0.5
