onetsoc_code,1.B.1.a,1.B.1.b,1.B.1.c,1.B.1.d,1.B.1.e,1.B.1.f
11-1011.00,0.043333,0.341667,0.193333,0.423333,0.993333,0.661667
11-1021.00,0.2,0.228333,0.048333,0.396667,1,0.723333
11-2011.00,0,0.115,0.478333,0.356667,1,0.571667
11-2021.00,0,0.316667,0.241667,0.303333,1,0.616667
11-2022.00,0.081667,0.111667,0.06,0.395,1,0.755
11-2033.00,0,0.235,0.268333,0.46,1,0.636667
11-3012.00,0.07,0.186667,0.018333,0.456667,0.911667,0.878333
11-3013.00,0.525,0.266667,0.101667,0.43,0.725,0.725
11-3013.01,0.398333,0.448333,0.05,0.291667,0.771667,0.738333
11-3021.00,0.28,0.581667,0.078333,0.225,0.681667,0.823333
11-3031.00,0.06,0.243333,0.098333,0.34,1,0.76
11-3031.01,0,0.2,0.028333,0.28,0.858333,0.906667
11-3031.03,0.08,0.461667,0.108333,0.281667,0.991667,0.701667
11-3051.00,0.5,0.32,0.066667,0.141667,0.838333,0.701667
11-3051.01,0.43,0.52,0.046667,0.178333,0.681667,0.736667
11-3061.00,0.248333,0.128333,0.033333,0.283333,1,0.83
11-3071.00,0.433333,0.273333,0,0.231667,0.831667,0.79
11-3071.04,0.398333,0.243333,0,0.173333,0.873333,0.708333
11-3111.00,0,0.196667,0.068333,0.468333,1,0.776667
11-3121.00,0.043333,0.218333,0.083333,0.48,1,0.756667
11-3131.00,0.15,0.34,0.261667,0.756667,0.891667,0.506667
11-9013.00,0.693333,0.29,0.01,0.271667,0.753333,0.588333
11-9021.00,0.613333,0.363333,0.116667,0.225,0.788333,0.633333
11-9031.00,0.033333,0.316667,0.296667,0.91,0.641667,0.588333
11-9032.00,0.051667,0.343333,0.306667,0.786667,0.723333,0.613333
11-9033.00,0,0.471667,0.301667,0.773333,0.716667,0.651667
11-9041.00,0.331667,0.593333,0.273333,0.325,0.9,0.571667
11-9051.00,0.526667,0.16,0.105,0.421667,0.828333,0.676667
11-9071.00,0.3,0.058333,0.015,0.31,0.956667,0.743333
11-9072.00,0.391667,0.16,0.163333,0.488333,0.875,0.673333
11-9081.00,0.281667,0.016667,0.071667,0.551667,0.868333,0.703333
11-9111.00,0.175,0.458333,0.075,0.566667,0.825,0.695
11-9121.00,0.29,0.811667,0.24,0.348333,0.766667,0.536667
11-9121.01,0.096667,0.816667,0.126667,0.43,0.551667,0.635
11-9131.00,0.19,0.05,0.028333,0.391667,0.833333,0.781667
11-9141.00,0.38,0.185,0.115,0.421667,0.945,0.71
11-9151.00,0,0.195,0.238333,0.738333,0.995,0.535
11-9161.00,0.421667,0.581667,0.136667,0.501667,0.678333,0.615
11-9171.00,0.301667,0.22,0.148333,0.558333,0.896667,0.593333
11-9179.01,0.368333,0.281667,0.19,0.763333,0.736667,0.441667
11-9179.02,0.25,0.051667,0.14,0.531667,1,0.651667
11-9199.01,0.155,0.331667,0.056667,0.275,0.925,0.778333
11-9199.08,0.405,0.436667,0,0.308333,0.77,0.808333
13-1011.00,0,0.126667,0.425,0.523333,0.913333,0.455
13-1021.00,0.593333,0.141667,0.013333,0.123333,0.651667,0.633333
13-1022.00,0.395,0.153333,0.093333,0.241667,0.705,0.695
13-1023.00,0.416667,0.136667,0.031667,0.155,0.681667,0.775
13-1031.00,0.038333,0.421667,0,0.268333,0.628333,0.871667
13-1032.00,0.695,0.34,0.026667,0.106667,0.423333,0.74
13-1041.00,0.251667,0.345,0,0.328333,0.513333,0.888333
13-1041.04,0.348333,0.386667,0,0.235,0.533333,0.876667
13-1041.06,0.506667,0.656667,0.083333,0.35,0.515,0.643333
13-1041.07,0.066667,0.386667,0,0.25,0.576667,0.886667
13-1041.08,0.228333,0.088333,0,0.195,0.67,0.855
13-1051.00,0.335,0.363333,0.02,0.11,0.608333,0.906667
13-1071.00,0.005,0.253333,0.058333,0.463333,0.778333,0.753333
13-1074.00,0.641667,0.09,0,0.373333,0.665,0.565
13-1075.00,0.051667,0.35,0.118333,0.453333,0.775,0.601667
13-1081.00,0.225,0.468333,0.016667,0.221667,0.67,0.74
13-1081.01,0.503333,0.703333,0.011667,0.051667,0.46,0.778333
13-1081.02,0.313333,0.506667,0,0.086667,0.578333,0.965
13-1111.00,0.061667,0.74,0.105,0.303333,0.635,0.841667
13-1121.00,0,0.093333,0.248333,0.593333,1,0.66
13-1131.00,0,0.17,0.37,0.538333,0.838333,0.511667
13-1141.00,0.048333,0.403333,0.068333,0.44,0.73,0.8
13-1151.00,0.171667,0.505,0.365,0.773333,0.446667,0.46
13-1161.00,0.013333,0.6,0.26,0.245,0.753333,0.603333
13-1161.01,0,0.463333,0.371667,0.293333,0.756667,0.613333
13-1199.04,0.166667,0.565,0.11,0.343333,0.705,0.676667
13-1199.06,0.236667,0.101667,0.146667,0.22,0.796667,0.828333
13-1199.07,0.476667,0.681667,0.113333,0.16,0.455,0.78
13-2011.00,0.023333,0.428333,0.013333,0.188333,0.478333,1
13-2022.00,0.431667,0.261667,0.181667,0.113333,0.608333,0.833333
13-2023.00,0.283333,0.308333,0.101667,0.271667,0.645,0.801667
13-2031.00,0,0.453333,0.096667,0.208333,0.651667,1
13-2041.00,0,0.465,0,0.235,0.591667,0.975
13-2052.00,0,0.378333,0.115,0.511667,0.808333,0.768333
13-2053.00,0.12,0.44,0,0.306667,0.583333,0.86
13-2061.00,0.056667,0.433333,0,0.25,0.605,0.9
13-2071.00,0,0.275,0.133333,0.648333,0.621667,0.725
13-2072.00,0.071667,0.22,0,0.441667,0.663333,0.846667
13-2081.00,0.035,0.245,0,0.358333,0.563333,0.975
13-2082.00,0.195,0.23,0,0.21,0.396667,0.965
13-2099.01,0.105,0.945,0.141667,0.096667,0.408333,0.798333
13-2099.04,0.168333,0.611667,0.036667,0.158333,0.595,0.77
15-1211.00,0.378333,0.898333,0.163333,0.151667,0.205,0.821667
15-1211.01,0.306667,0.881667,0.165,0.586667,0.18,0.618333
15-1212.00,0.426667,0.733333,0.056667,0.185,0.308333,0.846667
15-1221.00,0.456667,1,0.325,0.166667,0.248333,0.633333
15-1231.00,0.563333,0.601667,0,0.213333,0.273333,0.741667
15-1232.00,0.521667,0.461667,0,0.385,0.226667,0.836667
15-1241.00,0.506667,0.713333,0.208333,0.195,0.366667,0.676667
15-1241.01,0.59,0.548333,0.15,0.218333,0.345,0.658333
15-1242.00,0.305,0.638333,0.033333,0.215,0.323333,0.935
15-1243.00,0.271667,0.771667,0.193333,0.151667,0.28,0.853333
15-1243.01,0.321667,0.631667,0.103333,0.171667,0.341667,0.896667
15-1244.00,0.531667,0.506667,0,0.203333,0.41,0.863333
15-1251.00,0.395,0.683333,0.251667,0.163333,0.181667,0.82
15-1252.00,0.435,0.841667,0.228333,0.135,0.145,0.77
15-1253.00,0.466667,0.793333,0.115,0.088333,0.095,0.778333
15-1254.00,0.33,0.668333,0.355,0.203333,0.326667,0.671667
15-1255.01,0.295,0.525,0.896667,0.216667,0.486667,0.475
15-1299.01,0.241667,0.568333,0.236667,0.211667,0.461667,0.756667
15-1299.02,0.543333,0.698333,0.218333,0.155,0.155,0.813333
15-1299.03,0.125,0.481667,0.135,0.215,0.321667,0.956667
15-1299.05,0.55,0.756667,0.055,0.138333,0.276667,0.843333
15-1299.08,0.516667,0.743333,0.146667,0.183333,0.338333,0.793333
15-1299.09,0.121667,0.478333,0.128333,0.278333,0.818333,0.718333
15-2011.00,0.13,0.575,0.021667,0.248333,0.388333,0.881667
15-2021.00,0.37,1,0.371667,0.158333,0.018333,0.671667
15-2031.00,0.15,0.876667,0.196667,0.17,0.356667,0.793333
15-2041.00,0.19,0.93,0.128333,0.118333,0.136667,0.838333
15-2041.01,0.238333,1,0.3,0.351667,0.163333,0.566667
15-2051.01,0.04,0.735,0.155,0.141667,0.57,0.798333
15-2051.02,0.041667,0.776667,0.045,0.303333,0.383333,0.93
15-2099.01,0.468333,0.903333,0.096667,0.115,0,0.84
17-1011.00,0.653333,0.48,0.521667,0.255,0.441667,0.573333
17-1012.00,0.736667,0.621667,0.613333,0.278333,0.441667,0.45
17-1021.00,0.603333,0.696667,0.425,0.13,0.106667,0.723333
17-1022.00,0.708333,0.621667,0.186667,0.105,0.146667,0.715
17-1022.01,0.75,0.733333,0.09,0.123333,0.101667,0.715
17-2011.00,0.775,0.841667,0.225,0.041667,0.253333,0.573333
17-2021.00,0.941667,0.881667,0.198333,0.121667,0.218333,0.461667
17-2031.00,0.74,0.958333,0.185,0.241667,0.14,0.58
17-2041.00,0.878333,0.791667,0.133333,0.003333,0.141667,0.59
17-2051.00,0.905,0.691667,0.201667,0.115,0.276667,0.601667
17-2051.01,0.728333,0.68,0.188333,0.161667,0.348333,0.568333
17-2061.00,0.781667,0.76,0.138333,0.136667,0.163333,0.728333
17-2071.00,0.836667,0.741667,0.186667,0.12,0.24,0.571667
17-2072.00,0.873333,0.801667,0.171667,0.098333,0.103333,0.613333
17-2072.01,0.68,0.641667,0.068333,0.09,0.093333,0.718333
17-2081.00,0.695,0.85,0.16,0.203333,0.361667,0.598333
17-2111.00,0.726667,0.771667,0.006667,0.195,0.211667,0.613333
17-2111.02,0.888333,0.698333,0.078333,0.306667,0.3,0.578333
17-2112.00,0.66,0.665,0.096667,0.061667,0.381667,0.725
17-2112.01,0.59,0.868333,0.275,0.191667,0.265,0.566667
17-2112.02,0.641667,0.76,0.08,0.071667,0.17,0.678333
17-2112.03,0.711667,0.588333,0.203333,0.1,0.348333,0.568333
17-2121.00,0.79,0.785,0.27,0.045,0.376667,0.551667
17-2131.00,0.813333,0.803333,0.256667,0.063333,0.176667,0.518333
17-2141.00,0.898333,0.686667,0.17,0.036667,0.161667,0.638333
17-2141.01,0.755,0.728333,0.138333,0.073333,0.251667,0.51
17-2141.02,0.861667,0.778333,0.258333,0.061667,0.188333,0.51
17-2151.00,0.846667,0.763333,0.091667,0.14,0.291667,0.606667
17-2161.00,0.653333,0.906667,0.175,0.148333,0.255,0.58
17-2171.00,0.728333,0.721667,0.153333,0.13,0.34,0.553333
17-2199.03,0.7,0.615,0.171667,0.206667,0.348333,0.566667
17-2199.05,0.78,0.758333,0.238333,0.096667,0.12,0.64
17-2199.06,0.746667,0.865,0.155,0.091667,0.066667,0.651667
17-2199.07,0.816667,0.813333,0.3,0.065,0.116667,0.493333
17-2199.08,0.863333,0.768333,0.131667,0.081667,0.131667,0.58
17-2199.09,0.718333,0.85,0.226667,0.078333,0.261667,0.506667
17-3011.00,0.756667,0.538333,0.58,0.091667,0.088333,0.648333
17-3012.00,0.77,0.406667,0.343333,0.053333,0.15,0.755
17-3013.00,0.826667,0.465,0.436667,0.035,0.06,0.641667
17-3021.00,0.911667,0.685,0,0,0.073333,0.718333
17-3022.00,0.791667,0.728333,0.313333,0.091667,0.166667,0.711667
17-3023.00,0.876667,0.7,0.126667,0.13,0.051667,0.666667
17-3024.00,1,0.563333,0.063333,0,0,0.596667
17-3024.01,0.99,0.48,0,0.021667,0.061667,0.611667
17-3025.00,0.88,0.816667,0.121667,0.076667,0.053333,0.633333
17-3026.00,0.723333,0.688333,0.036667,0.073333,0.218333,0.7
17-3026.01,0.86,0.663333,0.091667,0.008333,0.168333,0.638333
17-3027.00,0.876667,0.728333,0.198333,0.031667,0.013333,0.626667
17-3027.01,1,0.728333,0.068333,0,0.041667,0.575
17-3029.01,0.901667,0.661667,0.056667,0.066667,0,0.593333
17-3029.08,1,0.53,0,0,0,0.743333
17-3031.00,0.823333,0.505,0.151667,0,0,0.771667
19-1011.00,0.706667,0.988333,0.16,0.161667,0.233333,0.393333
19-1012.00,0.675,0.785,0.241667,0.193333,0.263333,0.491667
19-1013.00,0.905,0.951667,0.185,0.111667,0.118333,0.401667
19-1021.00,0.685,1,0.268333,0.191667,0.138333,0.44
19-1022.00,0.715,1,0.153333,0.163333,0.011667,0.475
19-1023.00,0.738333,0.998333,0.218333,0.258333,0.221667,0.45
19-1029.01,0.468333,1,0.251667,0.106667,0.043333,0.673333
19-1029.02,0.671667,0.943333,0.158333,0.211667,0.263333,0.683333
19-1029.03,0.508333,1,0.325,0.318333,0.101667,0.63
19-1029.04,0.518333,1,0.233333,0.27,0.293333,0.575
19-1031.00,0.691667,0.783333,0.161667,0.311667,0.36,0.496667
19-1031.02,0.793333,0.67,0.078333,0.236667,0.565,0.446667
19-1031.03,0.563333,0.54,0.456667,0.645,0.41,0.405
19-1032.00,0.72,0.58,0.041667,0.216667,0.463333,0.565
19-1041.00,0.303333,1,0.198333,0.518333,0.228333,0.438333
19-1042.00,0.545,1,0.236667,0.381667,0.203333,0.45
19-2011.00,0.678333,1,0.38,0.285,0.145,0.506667
19-2012.00,0.656667,1,0.291667,0.186667,0.128333,0.633333
19-2021.00,0.628333,0.876667,0.286667,0.248333,0.28,0.575
19-2031.00,0.778333,0.951667,0.086667,0.023333,0.1,0.635
19-2032.00,0.803333,0.931667,0.195,0.065,0.143333,0.525
19-2041.00,0.626667,1,0.145,0.291667,0.26,0.553333
19-2042.00,0.765,1,0.286667,0.206667,0.108333,0.526667
19-2043.00,0.806667,0.901667,0.105,0.19,0.215,0.551667
19-2099.01,0.643333,0.848333,0.155,0.045,0.073333,0.635
19-3011.00,0.058333,1,0.238333,0.233333,0.488333,0.588333
19-3022.00,0.113333,0.851667,0.218333,0.223333,0.336667,0.708333
19-3032.00,0.008333,0.723333,0.355,0.498333,0.618333,0.546667
19-3033.00,0.008333,0.763333,0.343333,0.928333,0.275,0.415
19-3034.00,0,0.666667,0.385,0.961667,0.303333,0.501667
19-3039.02,0.271667,1,0.38,0.715,0.115,0.386667
19-3039.03,0.303333,1,0.233333,0.781667,0.178333,0.415
19-3041.00,0.093333,0.916667,0.498333,0.56,0.346667,0.433333
19-3051.00,0.37,0.718333,0.343333,0.338333,0.576667,0.493333
19-3091.00,0.498333,0.973333,0.535,0.445,0.105,0.365
19-3092.00,0.685,0.956667,0.448333,0.286667,0.183333,0.448333
19-3093.00,0.231667,0.72,0.45,0.37,0.225,0.645
19-3094.00,0,0.951667,0.478333,0.403333,0.435,0.42
19-3099.01,0.431667,0.766667,0.168333,0.126667,0.356667,0.645
19-4012.00,0.97,0.595,0,0.076667,0.165,0.543333
19-4012.01,0.91,0.733333,0.038333,0.065,0.185,0.658333
19-4013.00,0.761667,0.585,0.055,0.121667,0.16,0.673333
19-4021.00,0.766667,0.726667,0.033333,0.161667,0.051667,0.77
19-4031.00,0.741667,0.8,0.085,0.106667,0.021667,0.708333
19-4042.00,0.805,0.766667,0.038333,0.155,0.058333,0.655
19-4043.00,0.766667,0.696667,0.046667,0.076667,0.018333,0.723333
19-4051.00,0.791667,0.595,0,0.138333,0.21,0.678333
19-4051.02,0.85,0.571667,0,0.15,0.088333,0.751667
19-4061.00,0.23,0.846667,0.148333,0.278333,0.211667,0.821667
19-4071.00,0.921667,0.561667,0,0.301667,0.245,0.62
19-4092.00,0.696667,0.823333,0.128333,0.083333,0.098333,0.663333
19-4099.01,0.518333,0.646667,0,0.035,0.266667,0.833333
19-4099.03,0.683333,0.6,0.19,0.085,0.118333,0.706667
19-5011.00,0.575,0.663333,0.046667,0.408333,0.366667,0.616667
19-5012.00,0.725,0.646667,0,0.311667,0.273333,0.76
21-1011.00,0.098333,0.468333,0.265,0.943333,0.285,0.36
21-1012.00,0,0.383333,0.355,1,0.486667,0.515
21-1013.00,0.081667,0.72,0.43,0.87,0.13,0.316667
21-1014.00,0.051667,0.57,0.343333,0.965,0.326667,0.405
21-1015.00,0.038333,0.378333,0.33,0.966667,0.426667,0.376667
21-1021.00,0.116667,0.386667,0.316667,0.975,0.323333,0.428333
21-1022.00,0.16,0.54,0.223333,0.986667,0.258333,0.345
21-1023.00,0.118333,0.513333,0.296667,0.995,0.243333,0.353333
21-1091.00,0.11,0.715,0.256667,0.858333,0.368333,0.491667
21-1092.00,0.225,0.406667,0.191667,0.76,0.486667,0.53
21-1093.00,0.046667,0.3,0.158333,0.848333,0.435,0.595
21-1094.00,0.166667,0.415,0.203333,0.93,0.421667,0.396667
21-2011.00,0.183333,0.185,0.406667,0.818333,0.528333,0.315
21-2021.00,0,0.285,0.396667,1,0.86,0.36
23-1011.00,0.02,0.563333,0.233333,0.413333,0.751667,0.598333
23-1012.00,0.1,0.501667,0.178333,0.396667,0.585,0.683333
23-1021.00,0,0.501667,0.121667,0.341667,0.685,0.748333
23-1022.00,0.02,0.435,0.208333,0.54,0.605,0.555
23-1023.00,0.221667,0.468333,0.198333,0.493333,0.711667,0.518333
23-2011.00,0.123333,0.673333,0.206667,0.353333,0.486667,0.713333
23-2093.00,0.24,0.271667,0.018333,0.223333,0.406667,0.956667
25-1011.00,0.166667,0.641667,0.366667,0.905,0.471667,0.461667
25-1021.00,0.348333,0.781667,0.386667,0.813333,0.21,0.495
25-1022.00,0.301667,0.81,0.366667,0.865,0.156667,0.563333
25-1031.00,0.405,0.688333,0.58,0.961667,0.243333,0.366667
25-1032.00,0.64,0.731667,0.36,0.795,0.168333,0.406667
25-1041.00,0.495,0.726667,0.32,0.873333,0.268333,0.418333
25-1042.00,0.493333,0.813333,0.383333,0.875,0.173333,0.441667
25-1043.00,0.495,0.818333,0.358333,0.911667,0.236667,0.39
25-1051.00,0.5,0.768333,0.356667,0.918333,0.228333,0.433333
25-1052.00,0.508333,0.803333,0.325,0.785,0.181667,0.463333
25-1053.00,0.451667,0.89,0.395,0.875,0.248333,0.403333
25-1054.00,0.461667,0.83,0.38,0.843333,0.225,0.44
25-1061.00,0.41,0.826667,0.428333,0.958333,0.245,0.381667
25-1062.00,0.341667,0.718333,0.473333,0.986667,0.333333,0.338333
25-1063.00,0.288333,0.76,0.336667,0.868333,0.393333,0.483333
25-1064.00,0.373333,0.775,0.448333,0.96,0.268333,0.445
25-1065.00,0.158333,0.745,0.453333,0.978333,0.375,0.336667
25-1066.00,0.188333,0.765,0.476667,1,0.22,0.383333
25-1067.00,0.261667,0.785,0.43,0.95,0.255,0.378333
25-1071.00,0.378333,0.738333,0.333333,1,0.165,0.42
25-1072.00,0.323333,0.651667,0.381667,1,0.188333,0.358333
25-1081.00,0.278333,0.628333,0.411667,1,0.28,0.435
25-1082.00,0.321667,0.74,0.378333,0.878333,0.193333,0.526667
25-1111.00,0.233333,0.646667,0.388333,0.975,0.395,0.426667
25-1112.00,0.235,0.725,0.398333,0.91,0.415,0.453333
25-1113.00,0.2,0.671667,0.476667,1,0.308333,0.336667
25-1121.00,0.338333,0.523333,0.788333,0.998333,0.186667,0.268333
25-1122.00,0.196667,0.603333,0.47,0.991667,0.355,0.43
25-1123.00,0.213333,0.63,0.531667,1,0.238333,0.415
25-1124.00,0.185,0.586667,0.51,1,0.253333,0.421667
25-1125.00,0.301667,0.735,0.491667,0.991667,0.266667,0.408333
25-1126.00,0.243333,0.69,0.46,1,0.295,0.413333
25-1192.00,0.321667,0.641667,0.413333,1,0.298333,0.395
25-1193.00,0.365,0.615,0.393333,1,0.258333,0.445
25-1194.00,0.458333,0.525,0.358333,0.935,0.185,0.381667
25-2011.00,0.323333,0.293333,0.496667,1,0.248333,0.435
25-2012.00,0.28,0.351667,0.498333,1,0.246667,0.466667
25-2021.00,0.273333,0.391667,0.478333,1,0.261667,0.463333
25-2022.00,0.265,0.385,0.516667,1,0.276667,0.426667
25-2023.00,0.38,0.385,0.396667,1,0.211667,0.47
25-2031.00,0.288333,0.365,0.461667,1,0.316667,0.435
25-2032.00,0.31,0.396667,0.41,1,0.253333,0.486667
25-2051.00,0.283333,0.415,0.496667,1,0.116667,0.363333
25-2056.00,0.211667,0.49,0.441667,1,0.128333,0.413333
25-2057.00,0.22,0.486667,0.493333,1,0.133333,0.383333
25-2058.00,0.231667,0.468333,0.46,1,0.155,0.42
25-2059.01,0.52,0.441667,0.243333,1,0.146667,0.528333
25-3011.00,0.22,0.356667,0.485,1,0.308333,0.396667
25-3021.00,0.251667,0.328333,0.53,1,0.366667,0.346667
25-3031.00,0.198333,0.253333,0.405,0.955,0.241667,0.441667
25-3041.00,0.213333,0.308333,0.345,0.958333,0.123333,0.391667
25-4011.00,0.313333,0.62,0.315,0.326667,0.138333,0.828333
25-4012.00,0.245,0.405,0.33,0.47,0.473333,0.726667
25-4013.00,0.778333,0.368333,0.356667,0.273333,0.085,0.596667
25-4022.00,0.22,0.438333,0.275,0.506667,0.291667,0.805
25-4031.00,0.346667,0.283333,0.098333,0.511667,0.146667,0.92
25-9021.00,0.493333,0.546667,0.218333,0.638333,0.415,0.363333
25-9031.00,0.103333,0.506667,0.426667,0.86,0.543333,0.496667
25-9042.00,0.258333,0.216667,0.296667,0.92,0.33,0.541667
25-9043.00,0.163333,0.381667,0.39,1,0.19,0.428333
25-9044.00,0.191667,0.355,0.168333,0.921667,0.298333,0.665
27-1011.00,0.325,0.281667,1,0.313333,0.706667,0.433333
27-1012.00,0.815,0.141667,0.821667,0.113333,0.31,0.276667
27-1013.00,0.508333,0.28,1,0.213333,0.228333,0.223333
27-1014.00,0.451667,0.295,1,0.196667,0.27,0.355
27-1021.00,0.603333,0.51,0.756667,0.14,0.45,0.411667
27-1022.00,0.556667,0.195,1,0.225,0.493333,0.323333
27-1023.00,0.678333,0.106667,0.575,0.241667,0.456667,0.48
27-1024.00,0.396667,0.31,1,0.193333,0.405,0.486667
27-1025.00,0.52,0.345,0.76,0.28,0.45,0.47
27-1026.00,0.575,0.085,0.616667,0.198333,0.546667,0.348333
27-1027.00,0.45,0.291667,0.948333,0.34,0.488333,0.378333
27-2011.00,0.215,0.193333,1,0.513333,0.5,0.135
27-2012.00,0.188333,0.206667,0.856667,0.353333,0.796667,0.426667
27-2012.03,0.071667,0.208333,0.515,0.446667,0.925,0.605
27-2012.04,0.036667,0.07,0.781667,0.545,0.821667,0.428333
27-2012.05,0.493333,0.296667,0.406667,0.268333,0.696667,0.578333
27-2021.00,0.696667,0.066667,0.19,0.55,0.588333,0.335
27-2022.00,0.541667,0.191667,0.238333,0.718333,0.691667,0.408333
27-2023.00,0.55,0.1,0.025,0.406667,0.795,0.588333
27-2031.00,0.638333,0.071667,0.898333,0.441667,0.363333,0.101667
27-2032.00,0.438333,0.203333,1,0.493333,0.461667,0.188333
27-2041.00,0.178333,0.213333,1,0.34,0.636667,0.271667
27-2042.00,0.311667,0.088333,0.943333,0.401667,0.403333,0.195
27-3011.00,0.11,0.168333,0.78,0.423333,0.563333,0.351667
27-3023.00,0.078333,0.526667,0.681667,0.3,0.491667,0.44
27-3031.00,0,0.286667,0.613333,0.49,0.803333,0.408333
27-3041.00,0.005,0.316667,0.731667,0.26,0.521667,0.613333
27-3042.00,0.296667,0.448333,0.538333,0.168333,0.161667,0.72
27-3043.00,0,0.375,0.946667,0.31,0.625,0.39
27-3043.05,0.028333,0.43,1,0.305,0.361667,0.313333
27-3091.00,0.148333,0.365,0.546667,0.413333,0.15,0.631667
27-3092.00,0.201667,0.188333,0.32,0.316667,0.273333,0.77
27-4011.00,0.7,0.29,0.373333,0.161667,0.145,0.596667
27-4012.00,0.633333,0.331667,0.303333,0.188333,0.25,0.69
27-4014.00,0.69,0.28,0.575,0.115,0.193333,0.536667
27-4021.00,0.756667,0.196667,0.713333,0.156667,0.213333,0.391667
27-4031.00,0.648333,0.166667,0.673333,0.133333,0.213333,0.441667
27-4032.00,0.356667,0.151667,0.768333,0.16,0.346667,0.458333
29-1011.00,0.755,0.628333,0.056667,0.76,0.188333,0.425
29-1021.00,0.705,0.746667,0.028333,0.568333,0.166667,0.451667
29-1022.00,0.791667,0.806667,0.028333,0.578333,0.195,0.433333
29-1023.00,0.766667,0.786667,0.095,0.501667,0.075,0.596667
29-1024.00,0.861667,0.756667,0.13,0.598333,0.071667,0.37
29-1031.00,0.338333,0.633333,0.233333,0.75,0.403333,0.391667
29-1041.00,0.633333,0.796667,0.1,0.67,0.211667,0.486667
29-1051.00,0.303333,0.778333,0.08,0.646667,0.27,0.593333
29-1071.00,0.5,0.656667,0.026667,0.815,0.163333,0.576667
29-1071.01,0.566667,0.603333,0,0.65,0.148333,0.683333
29-1081.00,0.715,0.795,0.12,0.656667,0.19,0.378333
29-1122.00,0.428333,0.538333,0.345,0.846667,0.138333,0.353333
29-1122.01,0.488333,0.481667,0.366667,0.92,0.186667,0.305
29-1123.00,0.555,0.645,0.195,0.818333,0.248333,0.345
29-1124.00,0.66,0.606667,0.04,0.628333,0.12,0.58
29-1125.00,0.448333,0.553333,0.311667,0.97,0.251667,0.278333
29-1126.00,0.671667,0.621667,0,0.646667,0.113333,0.488333
29-1127.00,0.27,0.761667,0.333333,0.848333,0.073333,0.505
29-1128.00,0.71,0.653333,0.081667,0.623333,0.331667,0.458333
29-1129.01,0.331667,0.445,0.748333,0.773333,0.22,0.31
29-1129.02,0.226667,0.53,0.626667,0.705,0.251667,0.358333
29-1131.00,0.83,0.83,0,0.408333,0.116667,0.411667
29-1141.00,0.41,0.618333,0.056667,0.761667,0.23,0.625
29-1141.01,0.45,0.776667,0.125,0.8,0.126667,0.386667
29-1141.02,0.265,0.816667,0.303333,0.845,0.173333,0.391667
29-1141.03,0.485,0.67,0.116667,0.76,0.2,0.538333
29-1141.04,0.223333,0.643333,0.135,0.871667,0.448333,0.506667
29-1151.00,0.63,0.676667,0,0.725,0.16,0.525
29-1161.00,0.373333,0.541667,0.156667,0.826667,0.328333,0.4
29-1171.00,0.426667,0.756667,0.063333,0.753333,0.178333,0.51
29-1181.00,0.496667,0.821667,0.196667,0.82,0.135,0.495
29-1211.00,0.696667,0.788333,0.028333,0.708333,0.25,0.448333
29-1213.00,0.635,0.906667,0.145,0.608333,0.128333,0.471667
29-1214.00,0.525,0.773333,0,0.766667,0.28,0.536667
29-1215.00,0.458333,0.846667,0.075,0.868333,0.223333,0.491667
29-1216.00,0.571667,0.968333,0.073333,0.846667,0.183333,0.438333
29-1217.00,0.516667,1,0.18,0.67,0.231667,0.448333
29-1218.00,0.598333,0.75,0.075,0.741667,0.29,0.453333
29-1221.00,0.44,0.863333,0.146667,0.94,0.256667,0.43
29-1222.00,0.643333,1,0.06,0.433333,0.126667,0.62
29-1223.00,0.216667,0.931667,0.275,0.805,0.158333,0.433333
29-1224.00,0.648333,0.936667,0.061667,0.475,0.195,0.578333
29-1229.01,0.473333,0.991667,0.141667,0.716667,0.2,0.445
29-1229.02,0.425,0.596667,0.106667,0.878333,0.356667,0.483333
29-1229.03,0.641667,0.975,0.051667,0.741667,0.203333,0.405
29-1229.04,0.653333,0.876667,0.145,0.833333,0.115,0.333333
29-1229.05,0.395,0.95,0.146667,0.738333,0.228333,0.398333
29-1229.06,0.698333,0.726667,0.033333,0.711667,0.39,0.42
29-1241.00,0.566667,0.873333,0.116667,0.743333,0.33,0.453333
29-1291.00,0.633333,0.748333,0.18,0.775,0.1,0.343333
29-1292.00,0.711667,0.586667,0.02,0.725,0.121667,0.551667
29-1299.01,0.588333,0.815,0.135,0.788333,0.163333,0.375
29-1299.02,0.646667,0.79,0.146667,0.628333,0.078333,0.47
29-2011.00,0.801667,0.858333,0.021667,0.295,0.085,0.665
29-2011.01,0.72,0.818333,0.08,0.155,0.093333,0.67
29-2011.02,0.82,0.843333,0.016667,0.235,0.14,0.648333
29-2011.04,0.786667,0.926667,0.051667,0.315,0.008333,0.693333
29-2012.00,0.835,0.815,0,0.313333,0,0.641667
29-2012.01,0.881667,0.728333,0.043333,0.186667,0,0.671667
29-2031.00,0.768333,0.718333,0,0.541667,0.05,0.616667
29-2032.00,0.811667,0.625,0.053333,0.516667,0.085,0.675
29-2033.00,0.831667,0.761667,0,0.346667,0.051667,0.7
29-2034.00,0.816667,0.646667,0,0.401667,0,0.68
29-2035.00,0.743333,0.631667,0,0.418333,0.045,0.655
29-2036.00,0.595,0.716667,0.053333,0.428333,0.201667,0.666667
29-2051.00,0.468333,0.408333,0.256667,0.675,0.261667,0.47
29-2052.00,0.535,0.331667,0,0.386667,0.253333,1
29-2053.00,0.381667,0.595,0.186667,0.988333,0.076667,0.41
29-2055.00,0.876667,0.37,0,0.47,0.101667,0.641667
29-2056.00,0.951667,0.71,0,0.336667,0,0.593333
29-2057.00,0.721667,0.635,0,0.606667,0.125,0.568333
29-2061.00,0.596667,0.445,0.008333,0.75,0.188333,0.596667
29-2081.00,0.558333,0.213333,0.068333,0.341667,0.388333,0.738333
29-2091.00,0.833333,0.683333,0.165,0.55,0.093333,0.43
29-2092.00,0.478333,0.563333,0.121667,0.591667,0.121667,0.566667
29-2099.01,0.72,0.801667,0.068333,0.451667,0.07,0.578333
29-2099.05,0.735,0.618333,0.02,0.553333,0.17,0.621667
29-2099.08,0.045,0.51,0.098333,0.936667,0.353333,0.471667
29-9091.00,0.771667,0.566667,0.025,0.791667,0.206667,0.37
29-9092.00,0.11,0.81,0.223333,0.741667,0.288333,0.481667
29-9093.00,0.783333,0.408333,0,0.473333,0.13,0.566667
29-9099.01,0.496667,0.423333,0.151667,0.84,0.283333,0.376667
31-1121.00,0.538333,0.363333,0.08,0.888333,0.128333,0.418333
31-1122.00,0.418333,0.133333,0.131667,0.865,0.258333,0.486667
31-1131.00,0.596667,0.286667,0,0.783333,0.128333,0.54
31-1132.00,0.736667,0.175,0,0.528333,0.031667,0.64
31-1133.00,0.406667,0.506667,0.138333,0.968333,0.113333,0.456667
31-2011.00,0.421667,0.413333,0.176667,0.85,0.023333,0.535
31-2012.00,0.485,0.258333,0.115,0.833333,0.136667,0.453333
31-2021.00,0.575,0.441667,0.088333,0.901667,0.051667,0.46
31-2022.00,0.623333,0.263333,0.011667,0.825,0.176667,0.486667
31-9011.00,0.64,0.465,0.205,0.791667,0.183333,0.276667
31-9091.00,0.58,0.425,0,0.561667,0.056667,0.738333
31-9092.00,0.51,0.466667,0,0.633333,0.163333,0.791667
31-9093.00,0.961667,0.403333,0,0.226667,0,0.755
31-9094.00,0.245,0.433333,0.123333,0.448333,0.043333,0.875
31-9095.00,0.458333,0.095,0,0.351667,0.473333,0.965
31-9096.00,0.888333,0.541667,0,0.418333,0,0.493333
31-9097.00,0.74,0.615,0,0.433333,0.066667,0.736667
31-9099.01,0.245,0.561667,0.275,0.746667,0.088333,0.666667
31-9099.02,0.91,0.515,0,0.333333,0.011667,0.69
33-1011.00,0.43,0.133333,0,0.59,0.886667,0.676667
33-1012.00,0.408333,0.223333,0.001667,0.463333,0.98,0.681667
33-1021.00,0.69,0.21,0,0.453333,0.858333,0.61
33-1091.00,0.563333,0.136667,0,0.428333,0.825,0.683333
33-2011.00,0.915,0.32,0.051667,0.398333,0.335,0.411667
33-2021.00,0.748333,0.555,0.003333,0.265,0.386667,0.696667
33-2022.00,0.891667,0.426667,0.018333,0.363333,0.401667,0.595
33-3011.00,0.631667,0.193333,0,0.38,0.5,0.58
33-3012.00,0.721667,0.115,0.008333,0.476667,0.36,0.635
33-3021.00,0.53,0.65,0.033333,0.288333,0.506667,0.638333
33-3021.02,0.638333,0.446667,0.096667,0.161667,0.321667,0.773333
33-3021.06,0.221667,0.795,0.185,0.151667,0.473333,0.728333
33-3031.00,0.9,0.485,0,0.23,0.336667,0.54
33-3041.00,0.895,0.071667,0,0.268333,0.375,0.685
33-3051.00,0.726667,0.293333,0.011667,0.408333,0.513333,0.558333
33-3051.04,0.398333,0.273333,0,0.266667,0.548333,0.711667
33-3052.00,0.861667,0.213333,0,0.251667,0.368333,0.656667
33-9011.00,0.821667,0.431667,0,0.271667,0.195,0.481667
33-9021.00,0.231667,0.483333,0.07,0.311667,0.511667,0.741667
33-9031.00,0.523333,0.195,0,0.191667,0.63,0.77
33-9032.00,0.901667,0.215,0,0.273333,0.313333,0.626667
33-9091.00,0.81,0.108333,0.018333,0.346667,0.333333,0.436667
33-9092.00,0.878333,0.228333,0,0.54,0.313333,0.406667
33-9093.00,0.701667,0.168333,0,0.241667,0.268333,0.751667
33-9099.02,0.483333,0.406667,0,0.285,0.628333,0.778333
35-1011.00,0.64,0.113333,0.286667,0.325,0.688333,0.558333
35-1012.00,0.6,0.063333,0.041667,0.395,0.893333,0.62
35-2011.00,0.888333,0.063333,0.141667,0.236667,0.393333,0.553333
35-2012.00,0.816667,0.138333,0.168333,0.361667,0.36,0.558333
35-2013.00,0.663333,0.066667,0.461667,0.463333,0.425,0.451667
35-2014.00,0.771667,0.093333,0.285,0.313333,0.448333,0.466667
35-2015.00,0.855,0,0.211667,0.365,0.446667,0.561667
35-2021.00,0.9,0.058333,0.15,0.285,0.205,0.53
35-3011.00,0.608333,0,0.216667,0.456667,0.475,0.588333
35-3023.00,0.638333,0,0.075,0.413333,0.408333,0.66
35-3023.01,0.763333,0.011667,0.271667,0.45,0.373333,0.45
35-3031.00,0.52,0,0.14,0.62,0.51,0.658333
35-3041.00,0.64,0.076667,0.183333,0.538333,0.308333,0.478333
35-9011.00,0.771667,0,0.003333,0.443333,0.21,0.595
35-9021.00,1,0,0,0.138333,0.073333,0.575
35-9031.00,0.365,0,0.121667,0.706667,0.573333,0.515
37-1011.00,0.523333,0.063333,0,0.438333,0.783333,0.725
37-1012.00,0.591667,0.128333,0.005,0.335,0.851667,0.706667
37-2011.00,0.955,0.025,0,0.185,0.111667,0.601667
37-2012.00,0.846667,0,0.065,0.248333,0.078333,0.6
37-2021.00,0.975,0.323333,0,0.111667,0.201667,0.528333
37-3011.00,1,0.103333,0.15,0.075,0.135,0.391667
37-3012.00,0.918333,0.288333,0,0.158333,0.07,0.445
37-3013.00,1,0.188333,0,0.131667,0.036667,0.348333
39-1013.00,0.45,0,0,0.336667,0.821667,0.748333
39-1022.00,0.395,0.016667,0.015,0.496667,0.975,0.685
39-2011.00,0.92,0.216667,0.126667,0.435,0.18,0.328333
39-2021.00,0.861667,0.291667,0.105,0.458333,0.086667,0.375
39-3011.00,0.451667,0,0.016667,0.193333,0.696667,0.743333
39-3012.00,0.296667,0,0.003333,0.32,0.665,0.828333
39-3021.00,0.74,0.17,0.35,0.17,0.165,0.565
39-3031.00,0.368333,0,0.068333,0.615,0.531667,0.625
39-3091.00,0.538333,0,0.113333,0.558333,0.471667,0.62
39-3092.00,0.48,0,0.768333,0.376667,0.306667,0.545
39-3093.00,0.526667,0,0.093333,0.523333,0.248333,0.765
39-4011.00,0.806667,0.261667,0.101667,0.4,0.275,0.475
39-4021.00,0.658333,0.011667,0.136667,0.488333,0.445,0.556667
39-4031.00,0.425,0.066667,0.125,0.568333,0.61,0.611667
39-5011.00,0.731667,0,0.285,0.43,0.425,0.481667
39-5012.00,0.733333,0.09,0.373333,0.453333,0.375,0.486667
39-5091.00,0.555,0.061667,0.953333,0.333333,0.346667,0.335
39-5092.00,0.771667,0.05,0.215,0.343333,0.225,0.445
39-5093.00,0.755,0.058333,0.093333,0.458333,0.245,0.395
39-5094.00,0.746667,0.173333,0.325,0.53,0.353333,0.395
39-6011.00,0.653333,0,0,0.418333,0.258333,0.636667
39-6012.00,0.283333,0,0.215,0.723333,0.611667,0.53
39-7011.00,0.388333,0.233333,0.41,0.725,0.44,0.308333
39-7012.00,0.241667,0.223333,0.241667,0.64,0.601667,0.55
39-9011.00,0.346667,0.08,0.43,0.863333,0.291667,0.406667
39-9011.01,0.318333,0.198333,0.416667,0.883333,0.28,0.39
39-9031.00,0.705,0.285,0.233333,0.77,0.418333,0.33
39-9032.00,0.458333,0.163333,0.341667,0.65,0.585,0.41
39-9041.00,0.303333,0.228333,0.208333,0.713333,0.468333,0.605
41-1011.00,0.291667,0.023333,0,0.44,1,0.768333
41-1012.00,0.123333,0.018333,0,0.513333,1,0.718333
41-2011.00,0.316667,0,0,0.265,0.436667,0.868333
41-2012.00,0.345,0,0.01,0.238333,0.531667,0.893333
41-2021.00,0.361667,0,0.045,0.383333,0.476667,0.816667
41-2022.00,0.773333,0.1,0,0.16,0.471667,0.686667
41-2031.00,0.366667,0,0.163333,0.326667,0.855,0.695
41-3011.00,0.03,0.086667,0.44,0.326667,0.941667,0.556667
41-3021.00,0,0.208333,0.015,0.451667,0.825,0.743333
41-3031.00,0.043333,0.255,0.048333,0.345,0.846667,0.711667
41-3041.00,0.025,0.085,0.15,0.551667,0.796667,0.795
41-4011.00,0.3,0.358333,0.073333,0.353333,0.711667,0.69
41-4012.00,0.271667,0.206667,0.108333,0.281667,0.853333,0.653333
41-9011.00,0.373333,0.148333,0.385,0.376667,0.73,0.426667
41-9012.00,0.668333,0.015,0.985,0.248333,0.451667,0.21
41-9021.00,0.285,0.086667,0,0.316667,0.913333,0.793333
41-9022.00,0.186667,0.078333,0.153333,0.42,0.91,0.656667
41-9031.00,0.396667,0.43,0.126667,0.303333,0.796667,0.585
41-9041.00,0.145,0.015,0.04,0.435,0.726667,0.678333
41-9091.00,0.426667,0,0.173333,0.298333,0.753333,0.616667
43-1011.00,0.096667,0.063333,0,0.555,0.983333,0.783333
43-2011.00,0.438333,0.065,0,0.318333,0.363333,0.825
43-2021.00,0.371667,0.023333,0,0.508333,0.388333,0.868333
43-3011.00,0.18,0,0,0.376667,0.56,1
43-3021.00,0.305,0.098333,0,0.078333,0.293333,1
43-3031.00,0.105,0.196667,0,0.081667,0.311667,1
43-3041.00,0.316667,0,0,0.318333,0.61,0.83
43-3051.00,0.141667,0.008333,0,0.151667,0.386667,1
43-3061.00,0.361667,0.118333,0,0.105,0.521667,1
43-3071.00,0.211667,0.07,0,0.24,0.531667,0.98
43-4011.00,0.183333,0.045,0,0.22,0.585,0.993333
43-4021.00,0.053333,0.253333,0.095,0.283333,0.405,0.976667
43-4031.00,0.161667,0.151667,0.018333,0.42,0.54,0.86
43-4041.00,0,0.145,0,0.398333,0.58,1
43-4051.00,0.161667,0.105,0,0.461667,0.68,0.886667
43-4061.00,0,0.241667,0,0.576667,0.486667,0.886667
43-4071.00,0.235,0.046667,0.001667,0.175,0.126667,1
43-4081.00,0.27,0,0.058333,0.581667,0.466667,0.786667
43-4111.00,0,0.153333,0.063333,0.52,0.443333,0.835
43-4121.00,0.318333,0.166667,0.048333,0.461667,0.196667,0.981667
43-4131.00,0,0.196667,0,0.4,0.601667,0.986667
43-4141.00,0.061667,0.151667,0,0.443333,0.608333,0.976667
43-4151.00,0.261667,0,0,0.253333,0.59,0.995
43-4161.00,0.071667,0.058333,0,0.373333,0.485,1
43-4171.00,0.158333,0.131667,0.016667,0.428333,0.543333,0.883333
43-4181.00,0.186667,0,0.053333,0.565,0.513333,0.756667
43-5011.00,0.358333,0.086667,0,0.19,0.638333,0.886667
43-5011.01,0.418333,0.265,0,0.14,0.49,0.766667
43-5021.00,0.578333,0.011667,0,0.326667,0.31,0.678333
43-5031.00,0.555,0.318333,0,0.441667,0.315,0.753333
43-5032.00,0.711667,0.07,0,0.281667,0.32,0.733333
43-5041.00,0.651667,0.255,0,0.191667,0.046667,0.93
43-5051.00,0.368333,0,0,0.261667,0.285,0.925
43-5052.00,0.426667,0,0,0.281667,0.318333,0.878333
43-5053.00,0.6,0.09,0,0.138333,0.11,0.818333
43-5061.00,0.353333,0.033333,0.023333,0.185,0.651667,0.82
43-5071.00,0.496667,0.04,0,0.061667,0.351667,1
43-5111.00,0.718333,0.228333,0,0,0.126667,0.895
43-6011.00,0.053333,0.156667,0.058333,0.49,0.751667,0.901667
43-6012.00,0.068333,0.318333,0.091667,0.361667,0.57,0.948333
43-6013.00,0.215,0.336667,0,0.521667,0.361667,0.945
43-6014.00,0.163333,0.061667,0,0.435,0.53,0.991667
43-9021.00,0.341667,0.218333,0,0.031667,0.111667,1
43-9022.00,0.311667,0.156667,0.21,0.205,0.143333,0.931667
43-9031.00,0.396667,0.306667,0.54,0.115,0.118333,0.783333
43-9041.00,0.04,0.238333,0,0.26,0.476667,1
43-9051.00,0.501667,0,0,0.168333,0.19,0.91
43-9061.00,0.32,0.141667,0,0.343333,0.366667,0.973333
43-9071.00,0.591667,0.188333,0.026667,0.113333,0.176667,0.928333
43-9081.00,0.073333,0.25,0.426667,0.2,0.088333,0.86
43-9111.00,0.228333,0.58,0,0.066667,0.123333,1
45-1011.00,0.755,0.205,0,0.315,0.835,0.61
45-2011.00,0.725,0.506667,0,0.148333,0.353333,0.695
45-2021.00,0.893333,0.4,0.075,0.23,0.166667,0.43
45-2041.00,0.773333,0.246667,0.111667,0.083333,0.193333,0.666667
45-2091.00,1,0.25,0,0,0.056667,0.445
45-2092.00,1,0.22,0.046667,0.143333,0.228333,0.393333
45-2093.00,0.963333,0.276667,0.07,0.25,0.153333,0.325
45-3031.00,1,0.211667,0.01,0.005,0.165,0.381667
45-4011.00,1,0.388333,0,0.285,0.338333,0.511667
45-4021.00,1,0.246667,0.021667,0.153333,0.095,0.386667
45-4022.00,0.971667,0.135,0,0.018333,0.016667,0.566667
45-4023.00,0.663333,0.228333,0,0.016667,0.126667,0.885
47-1011.00,0.611667,0.15,0,0.32,0.833333,0.658333
47-2011.00,1,0.218333,0,0,0,0.453333
47-2021.00,0.991667,0.17,0.111667,0.018333,0.035,0.47
47-2022.00,1,0.19,0.316667,0.143333,0.048333,0.333333
47-2031.00,0.958333,0.151667,0.196667,0.15,0.131667,0.41
47-2041.00,1,0.021667,0.156667,0.048333,0,0.416667
47-2042.00,1,0.065,0.138333,0.093333,0,0.446667
47-2043.00,1,0.065,0.061667,0.071667,0.09,0.388333
47-2044.00,1,0.078333,0.255,0.056667,0,0.443333
47-2051.00,1,0.215,0.11,0,0,0.378333
47-2053.00,1,0.133333,0.155,0,0,0.38
47-2061.00,1,0.28,0.063333,0.038333,0.058333,0.435
47-2071.00,1,0.12,0,0,0,0.448333
47-2072.00,1,0.156667,0,0.003333,0.025,0.435
47-2073.00,1,0.321667,0,0.023333,0.043333,0.48
47-2081.00,1,0.16,0.216667,0.03,0,0.356667
47-2082.00,0.915,0.106667,0.121667,0.075,0.013333,0.406667
47-2111.00,1,0.283333,0.04,0.053333,0.135,0.515
47-2121.00,0.886667,0.181667,0.221667,0.113333,0.111667,0.431667
47-2131.00,0.963333,0.13,0.05,0.008333,0,0.495
47-2132.00,0.986667,0.236667,0,0.04,0,0.541667
47-2141.00,1,0.078333,0.251667,0.043333,0,0.416667
47-2142.00,0.81,0,0.328333,0.096667,0.023333,0.483333
47-2151.00,1,0.238333,0,0.05,0.023333,0.423333
47-2152.00,1,0.2,0,0.026667,0,0.453333
47-2161.00,1,0.093333,0.26,0.063333,0.008333,0.383333
47-2171.00,1,0.196667,0.02,0.033333,0.055,0.416667
47-2181.00,1,0.05,0.035,0.08,0.098333,0.423333
47-2211.00,1,0.178333,0.091667,0,0,0.43
47-2221.00,1,0.298333,0.068333,0.028333,0.04,0.455
47-2231.00,1,0.275,0.065,0.031667,0.121667,0.513333
47-3011.00,1,0.058333,0.095,0.146667,0,0.388333
47-3012.00,0.985,0.048333,0.066667,0.19,0.101667,0.41
47-3013.00,1,0.201667,0,0.175,0,0.49
47-3014.00,0.92,0.018333,0.13,0.238333,0.06,0.411667
47-3015.00,0.993333,0.061667,0,0.143333,0.041667,0.443333
47-3016.00,0.991667,0,0,0.16,0.068333,0.435
47-4011.00,0.861667,0.516667,0.036667,0.076667,0.191667,0.735
47-4021.00,1,0.24,0,0.063333,0.036667,0.486667
47-4031.00,1,0.18,0.058333,0.058333,0,0.446667
47-4041.00,1,0.261667,0,0.08,0.031667,0.56
47-4051.00,1,0.116667,0.006667,0.128333,0.078333,0.42
47-4061.00,1,0.116667,0,0,0,0.518333
47-4071.00,1,0.178333,0,0.075,0.031667,0.543333
47-4091.00,0.988333,0.1,0.161667,0.05,0.036667,0.4
47-5011.00,1,0.256667,0,0.001667,0.106667,0.44
47-5012.00,1,0.34,0,0.026667,0.2,0.463333
47-5013.00,1,0.263333,0,0.033333,0.136667,0.511667
47-5022.00,1,0.233333,0,0,0,0.425
47-5023.00,1,0.441667,0.023333,0.036667,0.116667,0.445
47-5032.00,0.983333,0.461667,0.041667,0.05,0.138333,0.531667
47-5041.00,0.995,0.25,0,0.006667,0.056667,0.511667
47-5043.00,1,0.243333,0,0,0.001667,0.39
47-5044.00,1,0.191667,0,0,0,0.45
47-5051.00,0.998333,0.178333,0.123333,0.043333,0.028333,0.365
47-5071.00,1,0.131667,0,0,0,0.381667
47-5081.00,1,0.19,0,0.131667,0.096667,0.448333
49-1011.00,0.521667,0.121667,0.001667,0.426667,0.831667,0.625
49-2011.00,0.805,0.275,0,0.125,0.131667,0.75
49-2021.00,0.955,0.413333,0.008333,0.061667,0.06,0.588333
49-2022.00,0.905,0.236667,0,0.135,0.1,0.638333
49-2091.00,1,0.551667,0.026667,0.063333,0.01,0.568333
49-2092.00,1,0.288333,0,0.031667,0.001667,0.541667
49-2093.00,1,0.396667,0,0.025,0.003333,0.638333
49-2094.00,1,0.473333,0,0,0.073333,0.711667
49-2095.00,1,0.42,0,0.011667,0.05,0.711667
49-2096.00,1,0.406667,0,0.05,0,0.555
49-2097.00,0.975,0.27,0.11,0.106667,0.02,0.601667
49-2098.00,0.945,0.391667,0,0.061667,0.096667,0.656667
49-3011.00,0.95,0.468333,0,0.051667,0.14,0.616667
49-3021.00,1,0.1,0.071667,0.01,0.075,0.39
49-3022.00,1,0.206667,0,0.046667,0.065,0.45
49-3023.00,1,0.43,0,0.075,0.1,0.551667
49-3031.00,1,0.378333,0,0.09,0.048333,0.455
49-3041.00,1,0.336667,0,0.05,0.013333,0.55
49-3042.00,1,0.423333,0,0,0,0.558333
49-3043.00,1,0.295,0.035,0.08,0.026667,0.478333
49-3051.00,1,0.31,0,0.001667,0.101667,0.48
49-3052.00,1,0.353333,0.038333,0.073333,0,0.44
49-3053.00,1,0.246667,0,0.033333,0.043333,0.495
49-3091.00,1,0.136667,0.028333,0.103333,0.081667,0.39
49-3092.00,1,0.268333,0,0.095,0.04,0.52
49-3093.00,1,0.133333,0,0.131667,0.096667,0.401667
49-9011.00,0.978333,0.13,0,0.076667,0,0.493333
49-9012.00,1,0.308333,0,0.033333,0,0.585
49-9021.00,0.993333,0.303333,0.006667,0.078333,0.033333,0.548333
49-9031.00,1,0.221667,0.026667,0.105,0.06,0.64
49-9041.00,1,0.335,0.001667,0,0.028333,0.555
49-9043.00,1,0.173333,0,0,0.033333,0.541667
49-9044.00,1,0.28,0.098333,0,0.015,0.438333
49-9045.00,1,0.2,0.051667,0.003333,0,0.425
49-9051.00,1,0.276667,0,0.046667,0.13,0.466667
49-9052.00,0.913333,0.248333,0,0.096667,0.168333,0.528333
49-9061.00,0.988333,0.276667,0.155,0.031667,0,0.638333
49-9062.00,1,0.598333,0,0.16,0,0.633333
49-9063.00,0.898333,0.273333,0.41,0.096667,0,0.423333
49-9064.00,0.923333,0.163333,0.056667,0.068333,0.021667,0.573333
49-9071.00,1,0.255,0.033333,0.125,0.088333,0.528333
49-9081.00,1,0.433333,0,0.103333,0.128333,0.548333
49-9091.00,0.846667,0.135,0,0.036667,0.148333,0.783333
49-9092.00,1,0.433333,0.058333,0.016667,0.11,0.35
49-9094.00,0.848333,0.185,0,0.095,0.07,0.666667
49-9095.00,0.971667,0.15,0.086667,0.118333,0.028333,0.483333
49-9096.00,1,0.228333,0.068333,0.003333,0.158333,0.44
49-9097.00,0.915,0.273333,0,0.031667,0.001667,0.576667
49-9098.00,0.998333,0.161667,0.016667,0.136667,0.105,0.506667
51-1011.00,0.55,0.096667,0,0.311667,0.883333,0.675
51-2011.00,1,0.276667,0.123333,0,0.061667,0.47
51-2021.00,0.923333,0.213333,0,0.02,0.066667,0.528333
51-2022.00,1,0.376667,0.116667,0.035,0,0.493333
51-2023.00,1,0.391667,0.068333,0.01,0,0.663333
51-2031.00,1,0.281667,0.038333,0,0.011667,0.565
51-2041.00,1,0.266667,0.121667,0,0.02,0.485
51-2051.00,0.956667,0.17,0.203333,0,0.026667,0.415
51-2061.00,0.956667,0.186667,0.031667,0,0.023333,0.601667
51-2092.00,0.728333,0.071667,0.1,0.236667,0.488333,0.596667
51-3011.00,0.881667,0.11,0.231667,0.121667,0.183333,0.533333
51-3021.00,0.876667,0.068333,0.13,0.148333,0.296667,0.486667
51-3022.00,1,0.128333,0,0.061667,0.07,0.486667
51-3023.00,0.936667,0.206667,0.051667,0.111667,0.186667,0.421667
51-3091.00,0.976667,0.1,0.018333,0.043333,0.138333,0.526667
51-3092.00,0.848333,0.185,0.151667,0.083333,0.27,0.608333
51-3093.00,0.97,0.163333,0.025,0.056667,0.113333,0.611667
51-4021.00,0.95,0.205,0.071667,0.013333,0,0.551667
51-4022.00,0.956667,0.27,0.005,0,0.031667,0.565
51-4023.00,0.96,0.111667,0.001667,0.001667,0,0.493333
51-4031.00,0.976667,0.203333,0.01,0,0,0.55
51-4032.00,1,0.291667,0,0,0,0.545
51-4033.00,1,0.19,0.03,0,0,0.485
51-4034.00,1,0.186667,0,0,0,0.556667
51-4035.00,1,0.235,0.031667,0,0,0.563333
51-4041.00,1,0.45,0.158333,0.026667,0.035,0.566667
51-4051.00,0.98,0.291667,0.008333,0.001667,0,0.495
51-4052.00,1,0.241667,0.023333,0.008333,0,0.46
51-4061.00,0.976667,0.318333,0.276667,0.008333,0,0.505
51-4062.00,0.868333,0.121667,0.395,0,0,0.535
51-4071.00,0.97,0.211667,0.19,0.008333,0,0.416667
51-4072.00,0.995,0.213333,0.058333,0.013333,0.013333,0.546667
51-4081.00,1,0.211667,0,0.013333,0,0.598333
51-4111.00,0.99,0.33,0.15,0,0,0.531667
51-4121.00,1,0.18,0.066667,0.013333,0.088333,0.441667
51-4122.00,1,0.17,0.048333,0.021667,0.083333,0.483333
51-4191.00,0.97,0.2,0,0.095,0,0.511667
51-4192.00,0.913333,0.305,0.313333,0.003333,0,0.481667
51-4193.00,1,0.205,0.068333,0,0,0.516667
51-4194.00,1,0.17,0.041667,0,0,0.525
51-5111.00,0.668333,0.16,0.35,0.108333,0.058333,0.793333
51-5112.00,0.633333,0.03,0.123333,0.118333,0.128333,0.738333
51-5113.00,0.74,0.033333,0.175,0.078333,0.038333,0.748333
51-6011.00,0.896667,0,0.03,0.06,0.09,0.543333
51-6021.00,0.896667,0.076667,0.218333,0.025,0,0.416667
51-6031.00,0.963333,0.061667,0.125,0.026667,0.025,0.495
51-6041.00,0.99,0.105,0.355,0.053333,0.088333,0.365
51-6042.00,0.951667,0.128333,0.111667,0.05,0.09,0.48
51-6051.00,0.913333,0,0.231667,0.093333,0.025,0.375
51-6052.00,0.813333,0.026667,0.493333,0.165,0.24,0.355
51-6061.00,0.961667,0.178333,0.045,0.045,0.035,0.53
51-6062.00,0.893333,0.091667,0.085,0.036667,0.093333,0.581667
51-6063.00,0.991667,0.135,0.093333,0.003333,0.06,0.546667
51-6064.00,0.916667,0.08,0.055,0,0.088333,0.553333
51-6091.00,0.916667,0.201667,0.045,0.036667,0.068333,0.508333
51-6092.00,0.775,0.056667,0.733333,0.051667,0.075,0.528333
51-6093.00,0.968333,0.14,0.32,0.063333,0,0.32
51-7011.00,1,0.175,0.25,0.018333,0.038333,0.396667
51-7021.00,1,0.075,0.321667,0.041667,0,0.311667
51-7031.00,1,0.261667,0.465,0.063333,0.098333,0.498333
51-7032.00,0.93,0.176667,0.51,0.048333,0.043333,0.506667
51-7041.00,1,0.226667,0,0.026667,0,0.478333
51-7042.00,1,0.23,0.021667,0.033333,0.003333,0.523333
51-8011.00,0.733333,0.353333,0,0.178333,0.266667,0.69
51-8012.00,0.7,0.238333,0,0.163333,0.348333,0.685
51-8013.00,0.973333,0.306667,0,0.041667,0.156667,0.685
51-8021.00,1,0.36,0,0.016667,0.036667,0.566667
51-8031.00,0.958333,0.258333,0,0.095,0.103333,0.6
51-8091.00,0.87,0.363333,0,0.036667,0.1,0.693333
51-8092.00,0.941667,0.263333,0,0.076667,0.213333,0.698333
51-8093.00,0.861667,0.24,0,0.055,0.206667,0.676667
51-9011.00,0.928333,0.36,0,0.02,0.045,0.593333
51-9012.00,0.878333,0.215,0,0.016667,0.015,0.578333
51-9021.00,0.973333,0.186667,0,0,0.068333,0.598333
51-9022.00,1,0.085,0.166667,0.011667,0,0.375
51-9023.00,0.926667,0.156667,0.021667,0.015,0.026667,0.54
51-9031.00,0.873333,0.036667,0.2,0.021667,0,0.458333
51-9032.00,0.951667,0.101667,0.003333,0,0.033333,0.575
51-9041.00,0.923333,0.205,0.046667,0.006667,0.041667,0.55
51-9051.00,0.971667,0.18,0,0.048333,0.035,0.563333
51-9061.00,0.788333,0.403333,0,0,0.063333,0.726667
51-9071.00,0.931667,0.266667,0.45,0.005,0.085,0.391667
51-9071.06,0.743333,0.348333,0.313333,0.025,0.19,0.518333
51-9081.00,0.935,0.576667,0.086667,0.278333,0,0.52
51-9082.00,1,0.493333,0.096667,0.366667,0,0.443333
51-9083.00,0.895,0.311667,0.116667,0.15,0.061667,0.521667
51-9111.00,0.938333,0.061667,0,0.003333,0.14,0.651667
51-9123.00,0.988333,0.056667,0.403333,0.095,0,0.4
51-9124.00,0.996667,0.081667,0.185,0.038333,0.008333,0.44
51-9141.00,0.9,0.345,0,0.018333,0.076667,0.691667
51-9151.00,0.748333,0.188333,0.32,0.018333,0.018333,0.698333
51-9161.00,0.906667,0.313333,0.031667,0,0.061667,0.731667
51-9162.00,0.646667,0.436667,0.088333,0.075,0.113333,0.82
51-9191.00,0.915,0.176667,0.013333,0,0.018333,0.565
51-9192.00,1,0.113333,0,0,0,0.568333
51-9193.00,0.998333,0.22,0,0.068333,0.02,0.548333
51-9194.00,0.92,0.241667,0.458333,0.063333,0,0.406667
51-9195.00,0.94,0.208333,0.19,0.001667,0,0.548333
51-9195.03,1,0.146667,0.471667,0.038333,0,0.458333
51-9195.04,0.965,0.25,0.076667,0,0.08,0.686667
51-9195.05,0.986667,0.106667,0.193333,0,0.031667,0.448333
51-9196.00,0.921667,0.12,0.043333,0,0.075,0.591667
51-9197.00,1,0.213333,0,0.015,0,0.463333
51-9198.00,0.923333,0.05,0.023333,0.111667,0.148333,0.566667
53-1041.00,0.6,0.198333,0,0.245,0.728333,0.631667
53-1042.00,0.396667,0.021667,0.018333,0.455,0.86,0.646667
53-1043.00,0.626667,0.138333,0,0.26,0.7,0.631667
53-2011.00,0.623333,0.358333,0.073333,0.25,0.468333,0.616667
53-2012.00,0.631667,0.258333,0.016667,0.261667,0.486667,0.636667
53-2021.00,0.591667,0.241667,0,0.28,0.548333,0.665
53-2022.00,0.605,0.423333,0,0.248333,0.578333,0.655
53-2031.00,0.506667,0.173333,0.045,0.531667,0.438333,0.568333
53-3011.00,0.908333,0.241667,0,0.621667,0.088333,0.428333
53-3031.00,0.723333,0,0,0.238333,0.445,0.611667
53-3032.00,1,0.153333,0,0.055,0.05,0.516667
53-3033.00,0.98,0.09,0.003333,0.06,0.183333,0.57
53-3051.00,0.75,0.101667,0.035,0.575,0.196667,0.616667
53-3052.00,0.825,0,0,0.433333,0.301667,0.616667
53-3053.00,0.916667,0,0,0.34,0.186667,0.526667
53-4011.00,1,0.415,0,0.141667,0.148333,0.608333
53-4013.00,0.963333,0.17,0,0.126667,0.178333,0.55
53-4022.00,1,0.178333,0,0.036667,0.071667,0.541667
53-4031.00,0.8,0.161667,0,0.141667,0.461667,0.645
53-4041.00,0.818333,0.061667,0,0.3,0.213333,0.543333
53-5011.00,0.995,0.27,0,0.04,0.235,0.493333
53-5021.00,0.768333,0.273333,0,0.146667,0.536667,0.593333
53-5022.00,0.923333,0.203333,0.02,0.165,0.365,0.443333
53-5031.00,0.906667,0.423333,0,0.126667,0.455,0.651667
53-6011.00,0.858333,0.233333,0,0.131667,0.263333,0.561667
53-6021.00,0.773333,0,0.025,0.338333,0.353333,0.678333
53-6031.00,0.9,0.053333,0,0.161667,0.191667,0.561667
53-6041.00,0.645,0.563333,0.066667,0.155,0.16,0.578333
53-6051.00,0.781667,0.318333,0,0.093333,0.273333,0.861667
53-6051.01,0.761667,0.515,0,0.07,0.26,0.788333
53-6051.07,1,0.453333,0,0,0.058333,0.69
53-6061.00,0.46,0.025,0,0.558333,0.346667,0.575
53-7011.00,0.855,0.06,0,0.035,0.263333,0.658333
53-7021.00,1,0.203333,0,0.031667,0.05,0.49
53-7031.00,0.938333,0.331667,0,0.06,0.221667,0.413333
53-7041.00,0.981667,0.091667,0.011667,0.075,0.075,0.388333
53-7051.00,1,0.13,0,0.018333,0.038333,0.451667
53-7061.00,1,0.025,0,0.006667,0,0.506667
53-7062.00,0.84,0.02,0,0.078333,0.173333,0.656667
53-7063.00,0.993333,0.178333,0,0,0,0.581667
53-7064.00,0.765,0.056667,0.083333,0.065,0.211667,0.735
53-7065.00,0.631667,0,0,0.146667,0.381667,0.875
53-7071.00,0.878333,0.216667,0,0.085,0.081667,0.638333
53-7072.00,0.946667,0.211667,0,0.046667,0.076667,0.583333
53-7073.00,0.986667,0.21,0,0.018333,0.128333,0.548333
53-7081.00,1,0.138333,0,0.048333,0.06,0.588333
53-7121.00,0.993333,0.163333,0,0,0.05,0.628333
